salesperson_sk,salesperson_id,salesperson_name,salesperson_role
1,SP00001,John Norris,Salesperson
2,SP00002,Richard Avery,Manager
3,SP00003,Julie Avila,Manager
4,SP00004,Rhonda Mccarthy,Salesperson
5,SP00005,Kathryn Jackson,Salesperson
6,SP00006,Veronica Cisneros,Salesperson
7,SP00007,Brian Frederick,Sales Associate
8,SP00008,Stephanie Patterson,Senior Salesperson
9,SP00009,Sara Miller,Manager
10,SP00010,Anthony Spencer,Senior Salesperson
11,SP00011,Eric Montes,Senior Salesperson
12,SP00012,Brett Mcmahon,Manager
13,SP00013,Karen Moreno,Sales Associate
14,SP00014,Samantha Gonzalez,Salesperson
15,SP00015,Charles Williams,Sales Associate
16,SP00016,Melissa Robinson,Senior Salesperson
17,SP00017,Tracie Andrews,Senior Salesperson
18,SP00018,Aaron Smith,Salesperson
19,SP00019,Matthew Hall,Senior Salesperson
20,SP00020,Daniel Stark,Senior Salesperson
21,SP00021,Thomas Huffman,Manager
22,SP00022,Kimberly Anderson,Manager
23,SP00023,Kelly Sutton,Manager
24,SP00024,Matthew Khan,Senior Salesperson
25,SP00025,Maria Lopez,Sales Associate
26,SP00026,Nathaniel Hill,Manager
27,SP00027,Donald Stewart,Sales Associate
28,SP00028,Jacqueline Chen,Senior Salesperson
29,SP00029,James Harper,Salesperson
30,SP00030,Matthew Johnson,Manager
31,SP00031,Chelsea Tucker,Manager
32,SP00032,Jessica Juarez,Sales Associate
33,SP00033,Nicole Anderson,Sales Associate
34,SP00034,Megan Bennett,Sales Associate
35,SP00035,Thomas Nguyen,Salesperson
36,SP00036,Cassandra Lane,Salesperson
37,SP00037,Michael King,Salesperson
38,SP00038,Randy Robinson,Manager
39,SP00039,Jodi Carney,Manager
40,SP00040,James Garrett,Sales Associate
41,SP00041,Noah Wong,Senior Salesperson
42,SP00042,Molly Wilson,Sales Associate
43,SP00043,Shawn Jacobs,Senior Salesperson
44,SP00044,Jeffrey Waller,Manager
45,SP00045,Glenda Gates,Manager
46,SP00046,Deborah Thompson,Senior Salesperson
47,SP00047,Michael Oliver,Sales Associate
48,SP00048,Christopher Wheeler,Salesperson
49,SP00049,David Dillon,Sales Associate
50,SP00050,Jennifer Miller,Senior Salesperson
51,SP00051,Michael Atkinson,Senior Salesperson
52,SP00052,Susan Wilkinson,Sales Associate
53,SP00053,Daniel Alvarez,Senior Salesperson
54,SP00054,Erin Carpenter,Manager
55,SP00055,Terri Walker,Senior Salesperson
56,SP00056,Luis Jones,Senior Salesperson
57,SP00057,Derrick Buckley,Sales Associate
58,SP00058,Elizabeth Hall,Sales Associate
59,SP00059,Shannon Garza,Senior Salesperson
60,SP00060,Brian Rose,Salesperson
61,SP00061,Paul Brown,Sales Associate
62,SP00062,Janice Simpson,Manager
63,SP00063,Philip Sullivan,Salesperson
64,SP00064,Richard Sosa,Senior Salesperson
65,SP00065,John Edwards,Sales Associate
66,SP00066,Amy Fry,Senior Salesperson
67,SP00067,Brad Wood,Manager
68,SP00068,Tracy Booker,Senior Salesperson
69,SP00069,Sue Green,Senior Salesperson
70,SP00070,Jonathon Thomas,Manager
71,SP00071,James Harvey,Sales Associate
72,SP00072,Michelle Wilkerson,Sales Associate
73,SP00073,Martin Davidson,Senior Salesperson
74,SP00074,Katherine Carter,Salesperson
75,SP00075,David Charles,Manager
76,SP00076,Brian Benson,Senior Salesperson
77,SP00077,Morgan James,Salesperson
78,SP00078,Katelyn Price,Sales Associate
79,SP00079,Matthew Austin,Sales Associate
80,SP00080,Shawn Haas,Senior Salesperson
81,SP00081,Amanda Moore,Manager
82,SP00082,Scott Green,Manager
83,SP00083,Jesse Reid,Senior Salesperson
84,SP00084,Sheena Powers,Senior Salesperson
85,SP00085,Stacey Avila,Senior Salesperson
86,SP00086,Natalie Miller,Manager
87,SP00087,Carol Wilson,Senior Salesperson
88,SP00088,Nicholas Coleman,Senior Salesperson
89,SP00089,Bryan Hill,Sales Associate
90,SP00090,Michael Davis,Senior Salesperson
91,SP00091,Teresa Perez,Manager
92,SP00092,Jordan Miller,Senior Salesperson
93,SP00093,Anthony Robinson,Manager
94,SP00094,Glenn Ryan,Senior Salesperson
95,SP00095,Teresa Wilson,Sales Associate
96,SP00096,Angela Gregory,Manager
97,SP00097,Joshua Jarvis,Sales Associate
98,SP00098,Mark Olson,Salesperson
99,SP00099,Renee Ross,Manager
100,SP00100,Michael Hansen,Manager
101,SP00101,Joseph Carroll,Sales Associate
102,SP00102,Michael Delgado,Senior Salesperson
103,SP00103,Christian Foster,Senior Salesperson
104,SP00104,Lisa Douglas,Sales Associate
105,SP00105,Tyler Cortez,Manager
106,SP00106,Courtney Schwartz,Salesperson
107,SP00107,Wayne Lane,Manager
108,SP00108,Mary Chang,Senior Salesperson
109,SP00109,Jeremiah Weber,Sales Associate
110,SP00110,Carlos Ross,Salesperson
111,SP00111,Isaiah Wheeler,Manager
112,SP00112,Lindsay Rios,Sales Associate
113,SP00113,Bethany Murray,Salesperson
114,SP00114,Bruce Mayo,Sales Associate
115,SP00115,Julie Oliver,Senior Salesperson
116,SP00116,Kyle Delgado,Senior Salesperson
117,SP00117,Julie Bentley,Sales Associate
118,SP00118,Christopher Nguyen,Senior Salesperson
119,SP00119,Erika Bell,Salesperson
120,SP00120,Helen Roach,Sales Associate
121,SP00121,Monica Patrick,Senior Salesperson
122,SP00122,Lori Smith,Senior Salesperson
123,SP00123,Gavin Mendez,Salesperson
124,SP00124,Douglas Beltran,Manager
125,SP00125,Douglas Allen,Senior Salesperson
126,SP00126,Tyler Rocha,Sales Associate
127,SP00127,Krista Edwards,Sales Associate
128,SP00128,Stephanie Dennis,Sales Associate
129,SP00129,Chloe Wood,Sales Associate
130,SP00130,Yvonne Hays,Sales Associate
131,SP00131,Alan Gibson,Manager
132,SP00132,Christian Flynn,Salesperson
133,SP00133,Joseph Horton,Sales Associate
134,SP00134,Jennifer Garcia,Manager
135,SP00135,Brett Contreras,Senior Salesperson
136,SP00136,Jamie Miles,Sales Associate
137,SP00137,William West,Sales Associate
138,SP00138,Mariah Smith,Senior Salesperson
139,SP00139,Willie Hebert,Senior Salesperson
140,SP00140,David Wilson,Sales Associate
141,SP00141,Ronald Malone,Manager
142,SP00142,Rachel Ball,Senior Salesperson
143,SP00143,James King,Senior Salesperson
144,SP00144,James Palmer,Salesperson
145,SP00145,Sharon Smith,Sales Associate
146,SP00146,Molly Rogers,Senior Salesperson
147,SP00147,Sarah Forbes,Senior Salesperson
148,SP00148,Daniel Cummings,Salesperson
149,SP00149,William Wilson,Salesperson
150,SP00150,David Rodriguez,Salesperson
151,SP00151,Richard Arellano,Salesperson
152,SP00152,Jeanette Moran,Salesperson
153,SP00153,Alicia Yoder,Salesperson
154,SP00154,Kathleen Wood,Sales Associate
155,SP00155,Timothy Baxter,Salesperson
156,SP00156,Sarah Mercer,Senior Salesperson
157,SP00157,Brooke Beltran,Sales Associate
158,SP00158,Megan Haynes,Manager
159,SP00159,Margaret Wolfe,Manager
160,SP00160,Frank Evans,Salesperson
161,SP00161,Donald Wilson,Salesperson
162,SP00162,Gregory Macdonald,Manager
163,SP00163,Deanna Mercer,Sales Associate
164,SP00164,Tracey Wallace,Manager
165,SP00165,Ronald Moore,Sales Associate
166,SP00166,Jared Garrison,Sales Associate
167,SP00167,Brandon Gross,Manager
168,SP00168,Ariana Alvarado,Salesperson
169,SP00169,Denise Walker,Salesperson
170,SP00170,Reginald Joseph,Sales Associate
171,SP00171,Lisa Salinas,Manager
172,SP00172,Nathan Nash,Manager
173,SP00173,Heidi Jefferson,Sales Associate
174,SP00174,Gregory Anderson,Sales Associate
175,SP00175,Kimberly Williams,Manager
176,SP00176,Joseph Powell,Senior Salesperson
177,SP00177,Kevin Collins,Manager
178,SP00178,Sarah Brown,Sales Associate
179,SP00179,Peter Ross,Senior Salesperson
180,SP00180,Lawrence Rodriguez,Sales Associate
181,SP00181,Michael Murray,Salesperson
182,SP00182,Mary Owens,Sales Associate
183,SP00183,Joseph Garcia,Sales Associate
184,SP00184,Sheila Miller,Senior Salesperson
185,SP00185,Lee Terry,Manager
186,SP00186,Kayla Diaz,Senior Salesperson
187,SP00187,Tiffany Mitchell,Manager
188,SP00188,Cathy Smith,Senior Salesperson
189,SP00189,Shannon Lopez,Senior Salesperson
190,SP00190,Sara Yates,Sales Associate
191,SP00191,Jessica Palmer,Senior Salesperson
192,SP00192,Casey Gordon,Senior Salesperson
193,SP00193,Jeremy Barrera,Manager
194,SP00194,Sydney Lee,Sales Associate
195,SP00195,Taylor Martinez,Senior Salesperson
196,SP00196,Morgan Cooper,Sales Associate
197,SP00197,Maria Parks,Manager
198,SP00198,Lisa West,Sales Associate
199,SP00199,Eduardo Campbell,Manager
200,SP00200,Regina Myers,Salesperson
201,SP00201,Richard Morgan,Sales Associate
202,SP00202,Amanda Henson,Manager
203,SP00203,Carla West,Senior Salesperson
204,SP00204,Wendy Jacobson,Senior Salesperson
205,SP00205,Timothy Herrera,Sales Associate
206,SP00206,Danielle Hoffman,Sales Associate
207,SP00207,Jessica Norman,Senior Salesperson
208,SP00208,Michelle Payne,Salesperson
209,SP00209,David Williams,Salesperson
210,SP00210,Melissa Murphy,Salesperson
211,SP00211,Jason Miller,Sales Associate
212,SP00212,Johnathan Miller,Manager
213,SP00213,Mary Richmond,Sales Associate
214,SP00214,Roberto Barrett,Sales Associate
215,SP00215,Susan Robinson,Salesperson
216,SP00216,Denise Porter,Senior Salesperson
217,SP00217,Bonnie Hall,Salesperson
218,SP00218,Mary Barker,Manager
219,SP00219,Jason Dougherty,Manager
220,SP00220,Steven Collins,Sales Associate
221,SP00221,Vincent Pierce,Manager
222,SP00222,Tara Johnson,Salesperson
223,SP00223,Jessica Sharp,Manager
224,SP00224,Ryan Alvarez,Salesperson
225,SP00225,James Marsh,Senior Salesperson
226,SP00226,Deanna Gordon,Sales Associate
227,SP00227,Laura Durham,Salesperson
228,SP00228,Robert Kramer,Senior Salesperson
229,SP00229,Kimberly Shepherd,Manager
230,SP00230,Heather Moore,Manager
231,SP00231,Adam Hernandez,Salesperson
232,SP00232,Jennifer Ortega,Salesperson
233,SP00233,Brenda Price,Salesperson
234,SP00234,Jaclyn Roy,Salesperson
235,SP00235,Brittany Hatfield,Senior Salesperson
236,SP00236,Raymond Morales,Manager
237,SP00237,Gregory Knight,Senior Salesperson
238,SP00238,Brooke Krueger,Salesperson
239,SP00239,David Delgado,Sales Associate
240,SP00240,Debbie Williams,Senior Salesperson
241,SP00241,William Rogers,Sales Associate
242,SP00242,Juan Davis,Senior Salesperson
243,SP00243,Sarah Figueroa,Manager
244,SP00244,Jonathan Butler,Salesperson
245,SP00245,Audrey Ward,Manager
246,SP00246,Joshua Escobar,Sales Associate
247,SP00247,Thomas Fernandez,Salesperson
248,SP00248,Paula Wolfe,Senior Salesperson
249,SP00249,Christopher Meadows,Senior Salesperson
250,SP00250,Micheal Henry,Senior Salesperson
251,SP00251,Erin Lambert,Manager
252,SP00252,Brian Prince,Senior Salesperson
253,SP00253,Kevin Jordan,Sales Associate
254,SP00254,Ashley Holder,Sales Associate
255,SP00255,Gerald Joseph,Sales Associate
256,SP00256,Brenda Aguilar,Manager
257,SP00257,Kathleen Gray,Senior Salesperson
258,SP00258,Ryan Cooley,Manager
259,SP00259,Thomas Hoover,Manager
260,SP00260,Melissa Burton,Manager
261,SP00261,Dennis Lowery,Senior Salesperson
262,SP00262,Michael Stewart,Salesperson
263,SP00263,Jennifer Kramer,Salesperson
264,SP00264,Courtney Clark,Manager
265,SP00265,Angela Cain,Salesperson
266,SP00266,Christy Jones,Salesperson
267,SP00267,Dana Smith,Salesperson
268,SP00268,Neil Mckee,Salesperson
269,SP00269,Dylan Rivera,Senior Salesperson
270,SP00270,Steven Lee,Sales Associate
271,SP00271,Carly Baker,Salesperson
272,SP00272,Gerald Chavez,Salesperson
273,SP00273,Michael Guerra,Sales Associate
274,SP00274,Rebecca Robinson,Senior Salesperson
275,SP00275,Susan Wright,Senior Salesperson
276,SP00276,Joanna Brown,Salesperson
277,SP00277,Brian Stevens,Salesperson
278,SP00278,Stephanie Hubbard,Manager
279,SP00279,Mary Day,Senior Salesperson
280,SP00280,Daniel Castillo,Salesperson
281,SP00281,William Adams,Sales Associate
282,SP00282,Jennifer Fletcher,Sales Associate
283,SP00283,Matthew Young,Senior Salesperson
284,SP00284,Amanda Cole,Salesperson
285,SP00285,Matthew Hood,Salesperson
286,SP00286,Kayla Sanders,Senior Salesperson
287,SP00287,Kimberly Montes,Sales Associate
288,SP00288,Michael Washington,Salesperson
289,SP00289,Emily Zamora,Senior Salesperson
290,SP00290,Amanda Rodriguez,Salesperson
291,SP00291,Thomas Douglas,Manager
292,SP00292,Jeremy Solomon,Salesperson
293,SP00293,William Torres,Sales Associate
294,SP00294,Michelle Spencer,Sales Associate
295,SP00295,Michael Gregory,Sales Associate
296,SP00296,Joshua Smith,Senior Salesperson
297,SP00297,Greg Travis,Sales Associate
298,SP00298,Gilbert James,Manager
299,SP00299,Lauren Wong,Salesperson
300,SP00300,Michael Ritter,Senior Salesperson
301,SP00301,Jose Cole,Senior Salesperson
302,SP00302,Kevin Mills,Senior Salesperson
303,SP00303,Terri Sharp,Sales Associate
304,SP00304,Joseph Gibson,Manager
305,SP00305,Scott Brady,Manager
306,SP00306,Matthew Kelley,Sales Associate
307,SP00307,Shelly Taylor,Senior Salesperson
308,SP00308,Todd Martin,Salesperson
309,SP00309,Susan Hill,Sales Associate
310,SP00310,Christy Bush,Manager
311,SP00311,Juan Walker,Senior Salesperson
312,SP00312,Alison Pace,Manager
313,SP00313,Lori Gutierrez,Salesperson
314,SP00314,Paul Jones,Manager
315,SP00315,Jessica Davila,Manager
316,SP00316,Michael Gibson,Senior Salesperson
317,SP00317,Diana Maldonado,Sales Associate
318,SP00318,Amy Garcia,Manager
319,SP00319,Christopher Riley,Salesperson
320,SP00320,Natalie Moore,Salesperson
321,SP00321,Jonathan Smith,Manager
322,SP00322,Jason Miller,Senior Salesperson
323,SP00323,Eric Moran,Senior Salesperson
324,SP00324,William Rivera,Senior Salesperson
325,SP00325,David Henry,Salesperson
326,SP00326,Samantha Smith,Salesperson
327,SP00327,Bridget Crawford,Sales Associate
328,SP00328,Katherine Allen,Senior Salesperson
329,SP00329,Kimberly Mcdowell,Salesperson
330,SP00330,Cassandra Brown,Manager
331,SP00331,Michael Tyler,Senior Salesperson
332,SP00332,Ryan Thomas,Senior Salesperson
333,SP00333,Heather Parrish,Senior Salesperson
334,SP00334,Deborah Jenkins,Manager
335,SP00335,David Roberts,Manager
336,SP00336,Anne Hunter,Senior Salesperson
337,SP00337,Laurie Rubio,Manager
338,SP00338,Brandy Morse,Manager
339,SP00339,Alejandro Fox,Manager
340,SP00340,Tammy Soto,Sales Associate
341,SP00341,Tim Flores,Manager
342,SP00342,Richard Cline,Salesperson
343,SP00343,Aaron Cook,Manager
344,SP00344,Tammy Smith,Sales Associate
345,SP00345,Roy Rangel,Senior Salesperson
346,SP00346,Anna Harris,Manager
347,SP00347,Monica Thomas,Manager
348,SP00348,Ana Ortiz,Manager
349,SP00349,Vincent Collins,Salesperson
350,SP00350,Ashley Shaw,Senior Salesperson
351,SP00351,Laura Simmons,Sales Associate
352,SP00352,Carolyn Reynolds,Senior Salesperson
353,SP00353,Monique Anderson,Manager
354,SP00354,Jennifer Romero,Salesperson
355,SP00355,Holly Sandoval,Sales Associate
356,SP00356,Denise White,Senior Salesperson
357,SP00357,David Chavez,Sales Associate
358,SP00358,Kelly Bruce,Sales Associate
359,SP00359,Dennis Bennett,Manager
360,SP00360,Jamie Coleman,Salesperson
361,SP00361,Alyssa Cameron,Senior Salesperson
362,SP00362,Shelby Atkinson,Manager
363,SP00363,Gabriel Allen,Senior Salesperson
364,SP00364,Jennifer Chavez,Sales Associate
365,SP00365,Ryan Davis,Salesperson
366,SP00366,James Roberts,Sales Associate
367,SP00367,Shaun Mays,Sales Associate
368,SP00368,Nancy Gonzalez,Salesperson
369,SP00369,Wendy Erickson,Salesperson
370,SP00370,Rachel Hunt,Sales Associate
371,SP00371,Melanie Smith,Salesperson
372,SP00372,Mikayla Simon,Sales Associate
373,SP00373,Tony Knight,Salesperson
374,SP00374,Kim West,Senior Salesperson
375,SP00375,Rachel Decker,Salesperson
376,SP00376,Justin Martinez,Sales Associate
377,SP00377,Peter Dalton,Senior Salesperson
378,SP00378,Marcus Camacho,Senior Salesperson
379,SP00379,Stacy Reid,Senior Salesperson
380,SP00380,Victor Richmond,Manager
381,SP00381,Thomas Wolf,Sales Associate
382,SP00382,Brian Perez,Sales Associate
383,SP00383,James Rosales,Manager
384,SP00384,Zachary Smith,Senior Salesperson
385,SP00385,Shannon Walker,Manager
386,SP00386,Amber Parrish,Manager
387,SP00387,Andrew Black,Senior Salesperson
388,SP00388,Raymond Lane,Sales Associate
389,SP00389,David Rich,Manager
390,SP00390,Alexa Williams,Salesperson
391,SP00391,Michael Walker,Sales Associate
392,SP00392,Bryan Wade,Manager
393,SP00393,Elizabeth Smith,Manager
394,SP00394,Ethan Macias,Manager
395,SP00395,Christine Cook,Sales Associate
396,SP00396,Hannah Patton,Sales Associate
397,SP00397,Bobby Flynn,Sales Associate
398,SP00398,Kristen Mccormick,Sales Associate
399,SP00399,Bonnie Andrews,Senior Salesperson
400,SP00400,Timothy Fuentes,Salesperson
401,SP00401,Kelsey Vaughan,Salesperson
402,SP00402,Arthur Martinez,Sales Associate
403,SP00403,Danielle Reilly,Senior Salesperson
404,SP00404,Ashley Bruce,Manager
405,SP00405,Penny Santiago,Manager
406,SP00406,Amy Chapman,Manager
407,SP00407,Eric Kim,Senior Salesperson
408,SP00408,Diana Pennington,Sales Associate
409,SP00409,Benjamin Sanders,Sales Associate
410,SP00410,Stacey Harris,Senior Salesperson
411,SP00411,Norman Casey,Salesperson
412,SP00412,Jaime Kelley,Manager
413,SP00413,Melissa Carter,Sales Associate
414,SP00414,John Jennings,Salesperson
415,SP00415,Kimberly Gilbert,Manager
416,SP00416,Jerome Rosales,Senior Salesperson
417,SP00417,Aaron Taylor,Senior Salesperson
418,SP00418,Kathleen Smith,Manager
419,SP00419,Nicholas Silva,Manager
420,SP00420,Kendra Richards,Manager
421,SP00421,David Skinner,Manager
422,SP00422,Spencer Young,Manager
423,SP00423,Brenda Mullins,Salesperson
424,SP00424,Henry Ayala,Salesperson
425,SP00425,Chad Gomez,Manager
426,SP00426,Stephanie Garza,Salesperson
427,SP00427,Joseph Wilson,Manager
428,SP00428,Kayla Martin,Salesperson
429,SP00429,Jessica Williams,Manager
430,SP00430,Janice Miller,Salesperson
431,SP00431,Thomas Hardy,Senior Salesperson
432,SP00432,Karen Cruz,Sales Associate
433,SP00433,Mark Harper,Senior Salesperson
434,SP00434,Jeffrey Hurst,Manager
435,SP00435,Timothy Reese,Senior Salesperson
436,SP00436,Isaac Sutton,Sales Associate
437,SP00437,Nicole Bradley,Manager
438,SP00438,Anthony Ruiz,Senior Salesperson
439,SP00439,Johnny Ortiz,Senior Salesperson
440,SP00440,Jeremy Graham,Sales Associate
441,SP00441,Alison Mcdonald,Manager
442,SP00442,Jeffery White,Salesperson
443,SP00443,Andrew Novak,Salesperson
444,SP00444,Natasha Martin,Sales Associate
445,SP00445,James Hardin,Senior Salesperson
446,SP00446,Taylor Werner,Senior Salesperson
447,SP00447,Courtney King,Salesperson
448,SP00448,Regina Perez,Salesperson
449,SP00449,Lisa Wu,Senior Salesperson
450,SP00450,Anthony Mercer,Manager
451,SP00451,Joann Smith,Manager
452,SP00452,Debbie Holmes,Manager
453,SP00453,Mark Berger,Manager
454,SP00454,Brittany Torres,Senior Salesperson
455,SP00455,Steven Frey,Senior Salesperson
456,SP00456,Sarah Nelson,Manager
457,SP00457,Heather Edwards,Senior Salesperson
458,SP00458,Joshua Lamb,Salesperson
459,SP00459,Courtney James,Manager
460,SP00460,Rebecca Rose,Salesperson
461,SP00461,Stephanie Humphrey,Manager
462,SP00462,Jennifer Crawford,Salesperson
463,SP00463,Brandon Combs,Senior Salesperson
464,SP00464,Veronica Black,Sales Associate
465,SP00465,Shelly Spence,Senior Salesperson
466,SP00466,Christopher Duncan,Manager
467,SP00467,Austin Butler,Salesperson
468,SP00468,Michael Rogers,Sales Associate
469,SP00469,Rhonda Curry,Manager
470,SP00470,Dillon Long,Salesperson
471,SP00471,Courtney Cooke,Salesperson
472,SP00472,Gregory Johnson,Salesperson
473,SP00473,Robert Murphy,Salesperson
474,SP00474,Steven Powell,Senior Salesperson
475,SP00475,Mitchell Hawkins,Salesperson
476,SP00476,Courtney Graham,Manager
477,SP00477,Toni Perez,Sales Associate
478,SP00478,Daniel Houston,Senior Salesperson
479,SP00479,Adam Walker,Salesperson
480,SP00480,Eric Wallace,Sales Associate
481,SP00481,Justin Ward,Salesperson
482,SP00482,Michael Manning,Manager
483,SP00483,Jason Smith,Manager
484,SP00484,Teresa Lyons,Manager
485,SP00485,Ronald Rangel,Sales Associate
486,SP00486,Tara Walton,Salesperson
487,SP00487,Thomas Mckinney,Salesperson
488,SP00488,Tyrone Williams,Sales Associate
489,SP00489,Kaitlin Downs,Manager
490,SP00490,Timothy Vargas,Manager
491,SP00491,Katherine Kemp,Senior Salesperson
492,SP00492,Megan Thompson,Manager
493,SP00493,Tonya Garcia,Senior Salesperson
494,SP00494,Christine Ramirez,Sales Associate
495,SP00495,Katrina Lopez,Salesperson
496,SP00496,Peter Moore,Sales Associate
497,SP00497,Kristin Davidson,Sales Associate
498,SP00498,Thomas Singh,Sales Associate
499,SP00499,Tonya Lin,Salesperson
500,SP00500,David Ferguson,Sales Associate
501,SP00501,Jessica Robertson,Sales Associate
502,SP00502,Christopher Nguyen,Salesperson
503,SP00503,Cynthia Martinez,Sales Associate
504,SP00504,Charles Sanchez,Sales Associate
505,SP00505,Paul Fleming,Salesperson
506,SP00506,Darryl Peck,Salesperson
507,SP00507,Erica Thompson,Manager
508,SP00508,Brandon Jones,Salesperson
509,SP00509,Marcus Riley,Senior Salesperson
510,SP00510,Courtney Bean,Senior Salesperson
511,SP00511,Shannon Davis,Senior Salesperson
512,SP00512,Brandon Beltran,Manager
513,SP00513,Nicholas Miller,Senior Salesperson
514,SP00514,Javier Fuller,Manager
515,SP00515,Matthew Porter,Senior Salesperson
516,SP00516,Catherine Williams,Manager
517,SP00517,Eric Shaw,Manager
518,SP00518,Edward Oliver,Sales Associate
519,SP00519,Jennifer Butler,Senior Salesperson
520,SP00520,James Joseph,Salesperson
521,SP00521,Darryl Williamson,Salesperson
522,SP00522,Wendy Davis,Senior Salesperson
523,SP00523,Donald Benson,Sales Associate
524,SP00524,Sarah Gibson,Senior Salesperson
525,SP00525,Douglas Jones,Salesperson
526,SP00526,Derek Brown,Senior Salesperson
527,SP00527,Kelly Graham,Senior Salesperson
528,SP00528,Stacey Brown,Sales Associate
529,SP00529,Danny Reed,Sales Associate
530,SP00530,Anthony Brooks,Sales Associate
531,SP00531,Dean Baker,Manager
532,SP00532,Kimberly Roberts,Salesperson
533,SP00533,Michele Cook,Senior Salesperson
534,SP00534,Christopher Black,Manager
535,SP00535,Anita Riley,Salesperson
536,SP00536,Hannah Burns,Manager
537,SP00537,Anthony Rodgers,Salesperson
538,SP00538,Charles Snyder,Senior Salesperson
539,SP00539,Todd Smith,Salesperson
540,SP00540,Tammy Curtis,Manager
541,SP00541,Gary James,Manager
542,SP00542,Anthony Garcia,Sales Associate
543,SP00543,Susan Rose,Senior Salesperson
544,SP00544,Jamie Richard,Salesperson
545,SP00545,Jeffery Adams,Salesperson
546,SP00546,Jacqueline Fritz,Sales Associate
547,SP00547,Margaret Hebert,Manager
548,SP00548,Bethany Hinton,Salesperson
549,SP00549,David West,Sales Associate
550,SP00550,Jacob Holmes,Manager
551,SP00551,Matthew Berry,Sales Associate
552,SP00552,Christine Dickson,Manager
553,SP00553,Brian Thomas,Manager
554,SP00554,Angela Hendrix,Salesperson
555,SP00555,Joshua Silva,Salesperson
556,SP00556,John Wolf,Senior Salesperson
557,SP00557,Debra Owen,Manager
558,SP00558,Whitney Carpenter,Manager
559,SP00559,Courtney Maddox,Manager
560,SP00560,Patrick Vargas,Salesperson
561,SP00561,Robert Andersen,Salesperson
562,SP00562,Samuel Shepherd,Manager
563,SP00563,Amber Harrison,Sales Associate
564,SP00564,Jennifer Harris,Salesperson
565,SP00565,Joshua Ward,Manager
566,SP00566,Ashley Johnson,Salesperson
567,SP00567,Elizabeth Reynolds,Senior Salesperson
568,SP00568,Jerome Bean,Salesperson
569,SP00569,Brett Preston,Salesperson
570,SP00570,William Hawkins,Manager
571,SP00571,David Cox,Manager
572,SP00572,Katie Perry,Senior Salesperson
573,SP00573,Paula Fuentes,Sales Associate
574,SP00574,Christine Brown,Sales Associate
575,SP00575,Brian Kim,Sales Associate
576,SP00576,Noah Kidd,Senior Salesperson
577,SP00577,James Harris,Senior Salesperson
578,SP00578,Bobby Cisneros,Sales Associate
579,SP00579,Sharon Carrillo,Sales Associate
580,SP00580,Leah Drake,Senior Salesperson
581,SP00581,Luke Allen,Sales Associate
582,SP00582,Jennifer Hunt,Senior Salesperson
583,SP00583,Makayla Johnston,Sales Associate
584,SP00584,Danielle White,Senior Salesperson
585,SP00585,Kenneth Hicks,Manager
586,SP00586,Jason Chaney,Manager
587,SP00587,Michael Williams,Manager
588,SP00588,Kelly Hobbs,Sales Associate
589,SP00589,Daniel Conrad,Senior Salesperson
590,SP00590,Wendy Snyder,Senior Salesperson
591,SP00591,Kathryn Atkinson,Sales Associate
592,SP00592,Jessica Romero,Sales Associate
593,SP00593,Jeffery Richardson,Senior Salesperson
594,SP00594,Heather Garcia,Manager
595,SP00595,Laura Sanchez,Manager
596,SP00596,Emily Harris,Salesperson
597,SP00597,Jeffery Lewis,Senior Salesperson
598,SP00598,Tony Alvarez,Manager
599,SP00599,Brandon Collins,Sales Associate
600,SP00600,Tiffany Jackson,Manager
601,SP00601,Mary Hawkins,Manager
602,SP00602,Tami Williams,Senior Salesperson
603,SP00603,Kevin Mullins,Sales Associate
604,SP00604,Erin Espinoza,Senior Salesperson
605,SP00605,Dean Adams,Senior Salesperson
606,SP00606,Laura Ponce,Sales Associate
607,SP00607,Ryan Watson,Salesperson
608,SP00608,Jesus Hill,Sales Associate
609,SP00609,Manuel Jones,Sales Associate
610,SP00610,Richard Moore,Senior Salesperson
611,SP00611,Robert Cherry,Manager
612,SP00612,Ronald Roberts,Manager
613,SP00613,Lisa Fitzpatrick,Salesperson
614,SP00614,Mary Ellis,Senior Salesperson
615,SP00615,Tammy Watts,Sales Associate
616,SP00616,Anna Rivera,Manager
617,SP00617,Lee Lee,Salesperson
618,SP00618,Brianna Benson,Salesperson
619,SP00619,Brian Chang,Sales Associate
620,SP00620,Desiree Reynolds,Manager
621,SP00621,Justin Norton,Manager
622,SP00622,Keith Clayton,Sales Associate
623,SP00623,Brian Hill,Salesperson
624,SP00624,Steven Stewart,Senior Salesperson
625,SP00625,Krystal Dixon,Sales Associate
626,SP00626,Cynthia Nelson,Manager
627,SP00627,John Lambert,Salesperson
628,SP00628,Katelyn Ford,Senior Salesperson
629,SP00629,Brandon Gilbert,Sales Associate
630,SP00630,Tracy Ramirez,Manager
631,SP00631,Regina Baker,Senior Salesperson
632,SP00632,Michelle Salinas,Sales Associate
633,SP00633,Benjamin Ryan,Salesperson
634,SP00634,Jamie Simon,Sales Associate
635,SP00635,Gina Boyer,Senior Salesperson
636,SP00636,Veronica Jones,Manager
637,SP00637,Trevor Cantu,Sales Associate
638,SP00638,Michael Johnson,Senior Salesperson
639,SP00639,Michael Bates,Sales Associate
640,SP00640,Logan Roy,Salesperson
641,SP00641,Brian Bennett,Salesperson
642,SP00642,Jay Wong,Manager
643,SP00643,Stephanie Patton,Manager
644,SP00644,Matthew Cooley,Salesperson
645,SP00645,James Turner,Manager
646,SP00646,Brian Clark,Salesperson
647,SP00647,Javier Anderson,Senior Salesperson
648,SP00648,John Phillips,Manager
649,SP00649,Grant Freeman,Salesperson
650,SP00650,Rebecca Gonzalez,Salesperson
651,SP00651,Richard Eaton,Manager
652,SP00652,Gerald Lopez,Sales Associate
653,SP00653,Emily Mueller,Senior Salesperson
654,SP00654,Matthew Hunt,Sales Associate
655,SP00655,Jeremy Cantu,Sales Associate
656,SP00656,Evan Villegas,Sales Associate
657,SP00657,Debra Little,Salesperson
658,SP00658,Brandon Jordan,Senior Salesperson
659,SP00659,Shawn Turner,Manager
660,SP00660,Colleen Watkins,Manager
661,SP00661,Trevor Parsons,Senior Salesperson
662,SP00662,Joshua Pham,Salesperson
663,SP00663,Michael Warren,Salesperson
664,SP00664,Frances Martin,Salesperson
665,SP00665,Danielle Savage,Manager
666,SP00666,Donald Burns,Sales Associate
667,SP00667,Alexander Nicholson,Manager
668,SP00668,Clinton Reynolds,Senior Salesperson
669,SP00669,Rebecca Myers,Senior Salesperson
670,SP00670,Megan Perez,Manager
671,SP00671,Mary Thompson,Manager
672,SP00672,Christopher Carr,Sales Associate
673,SP00673,Jorge Johnson,Sales Associate
674,SP00674,Jeffrey Lucero,Salesperson
675,SP00675,Sean Brown,Salesperson
676,SP00676,Lisa Peterson,Salesperson
677,SP00677,Anthony Lopez,Senior Salesperson
678,SP00678,Karen Robertson,Sales Associate
679,SP00679,Danielle Prince,Manager
680,SP00680,Christopher Singleton,Sales Associate
681,SP00681,Bryan Velasquez,Senior Salesperson
682,SP00682,Casey Mendoza,Senior Salesperson
683,SP00683,Frank Mueller,Senior Salesperson
684,SP00684,Jermaine Williamson,Manager
685,SP00685,Luis Sanchez,Senior Salesperson
686,SP00686,Tasha Winters,Salesperson
687,SP00687,Catherine Johnson,Salesperson
688,SP00688,Jessica Arnold,Sales Associate
689,SP00689,Sarah Richards,Sales Associate
690,SP00690,Lisa Gross,Manager
691,SP00691,Billy Pollard,Salesperson
692,SP00692,Adam Barnes,Senior Salesperson
693,SP00693,Johnny Reid,Sales Associate
694,SP00694,Jeffrey Briggs,Salesperson
695,SP00695,Ruth Sanchez,Senior Salesperson
696,SP00696,Victoria Russell,Sales Associate
697,SP00697,Michael Roberts,Salesperson
698,SP00698,Thomas Barnes,Manager
699,SP00699,Haley Day,Salesperson
700,SP00700,Patrick Camacho,Sales Associate
701,SP00701,Madison Hale,Salesperson
702,SP00702,Joshua Salinas,Salesperson
703,SP00703,Natalie Golden,Manager
704,SP00704,Alyssa Hernandez,Salesperson
705,SP00705,Cassandra Barrett,Senior Salesperson
706,SP00706,Mark English,Senior Salesperson
707,SP00707,Jeffrey Schultz,Manager
708,SP00708,Todd Hernandez,Sales Associate
709,SP00709,Gina Sims,Senior Salesperson
710,SP00710,Stephanie Stevens,Sales Associate
711,SP00711,David Russo,Salesperson
712,SP00712,Danielle Jones,Salesperson
713,SP00713,Joshua Love,Salesperson
714,SP00714,Dylan Griffin,Salesperson
715,SP00715,Maria Patterson,Salesperson
716,SP00716,Teresa May,Senior Salesperson
717,SP00717,Madeline Johnson,Manager
718,SP00718,David Wells,Senior Salesperson
719,SP00719,David Duffy,Salesperson
720,SP00720,Melissa Williams,Manager
721,SP00721,Roy Lane,Manager
722,SP00722,Steven Knapp,Salesperson
723,SP00723,Grace Larsen,Senior Salesperson
724,SP00724,Diana Kennedy,Salesperson
725,SP00725,Eric Perez,Sales Associate
726,SP00726,Jennifer Hanson,Sales Associate
727,SP00727,Robert Anderson,Sales Associate
728,SP00728,Timothy Pacheco,Salesperson
729,SP00729,Brenda Morris,Salesperson
730,SP00730,Rhonda Smith,Sales Associate
731,SP00731,Ryan Evans,Manager
732,SP00732,Allen Nolan,Salesperson
733,SP00733,Jeanette May,Salesperson
734,SP00734,Andrea Lopez,Sales Associate
735,SP00735,Ryan Yu,Senior Salesperson
736,SP00736,David Anderson,Sales Associate
737,SP00737,Cynthia Morris,Senior Salesperson
738,SP00738,Jennifer Martin,Senior Salesperson
739,SP00739,Vincent Moore,Senior Salesperson
740,SP00740,Marissa Nguyen,Salesperson
741,SP00741,Kathleen Thomas,Senior Salesperson
742,SP00742,Aaron Clark,Manager
743,SP00743,Donald Leblanc,Sales Associate
744,SP00744,Jose Roberts,Salesperson
745,SP00745,Tara Lamb,Manager
746,SP00746,Jennifer Roberson,Senior Salesperson
747,SP00747,Shawn Mcbride,Senior Salesperson
748,SP00748,Michael Kaufman,Sales Associate
749,SP00749,Michelle Lucas,Manager
750,SP00750,Kathryn Erickson,Senior Salesperson
751,SP00751,Keith Smith,Manager
752,SP00752,Kristina Gonzalez,Salesperson
753,SP00753,Karen Bernard,Senior Salesperson
754,SP00754,Amy Roberts,Salesperson
755,SP00755,Thomas Goodwin,Sales Associate
756,SP00756,Chad Patel,Sales Associate
757,SP00757,Nancy Hartman,Senior Salesperson
758,SP00758,Scott Santana,Salesperson
759,SP00759,Nathan Richmond,Manager
760,SP00760,Andrea Conner,Manager
761,SP00761,Scott Moreno,Salesperson
762,SP00762,Jill Hayes,Manager
763,SP00763,Carol Boyd,Manager
764,SP00764,Malik Austin,Senior Salesperson
765,SP00765,Christy Cook,Manager
766,SP00766,Antonio Stevens,Senior Salesperson
767,SP00767,Erica Riley,Sales Associate
768,SP00768,Bonnie Bowen,Salesperson
769,SP00769,Michele Chan,Manager
770,SP00770,Anna Hays,Salesperson
771,SP00771,Lisa Adams,Salesperson
772,SP00772,Michelle Mcdaniel,Manager
773,SP00773,Logan Salazar,Sales Associate
774,SP00774,Alexander Flores,Salesperson
775,SP00775,Drew Marks,Salesperson
776,SP00776,Angela Zimmerman,Sales Associate
777,SP00777,Taylor Johnson,Sales Associate
778,SP00778,Casey Gutierrez,Sales Associate
779,SP00779,Leah Cameron,Manager
780,SP00780,Lauren Thomas,Manager
781,SP00781,Eric Lucas,Salesperson
782,SP00782,Mary Moore,Manager
783,SP00783,Rita Wheeler,Manager
784,SP00784,Teresa Boyd,Salesperson
785,SP00785,Walter Cabrera,Senior Salesperson
786,SP00786,Chad Adkins,Manager
787,SP00787,Caitlyn Brennan,Salesperson
788,SP00788,Patricia Powell,Senior Salesperson
789,SP00789,Jason Lewis,Sales Associate
790,SP00790,Robert Wright,Sales Associate
791,SP00791,Cheryl Johnson,Manager
792,SP00792,Joe Bauer,Senior Salesperson
793,SP00793,David Brown,Senior Salesperson
794,SP00794,William Dalton,Salesperson
795,SP00795,Karen Franklin,Senior Salesperson
796,SP00796,Sarah Anderson,Sales Associate
797,SP00797,Heather Bailey,Sales Associate
798,SP00798,Jill Simpson,Sales Associate
799,SP00799,Desiree Yates,Salesperson
800,SP00800,Jesse Delgado,Salesperson
801,SP00801,Ashley Tucker,Senior Salesperson
802,SP00802,Todd Bryant,Sales Associate
803,SP00803,Nicole Spence,Salesperson
804,SP00804,Erin Ramsey,Salesperson
805,SP00805,Andrea Lee,Senior Salesperson
806,SP00806,Teresa Sanchez,Senior Salesperson
807,SP00807,Randall Medina,Senior Salesperson
808,SP00808,Madison Thornton,Senior Salesperson
809,SP00809,Joseph Bowers,Salesperson
810,SP00810,Ryan Pratt,Sales Associate
811,SP00811,Chris Adams,Salesperson
812,SP00812,Donald Smith,Salesperson
813,SP00813,Christina King,Manager
814,SP00814,Ashley Lyons,Senior Salesperson
815,SP00815,Joshua Santos,Sales Associate
816,SP00816,Michelle Banks,Sales Associate
817,SP00817,Brittney Ross,Senior Salesperson
818,SP00818,Stephanie Aguirre,Senior Salesperson
819,SP00819,Zachary Pacheco,Senior Salesperson
820,SP00820,Erin Turner,Sales Associate
821,SP00821,Eric Foster,Manager
822,SP00822,Steven Rogers,Manager
823,SP00823,Jamie Hinton,Manager
824,SP00824,Kevin Leonard,Senior Salesperson
825,SP00825,Andrew Snow,Salesperson
826,SP00826,Micheal Tran,Sales Associate
827,SP00827,Ashley Cannon,Salesperson
828,SP00828,Johnny Jones,Salesperson
829,SP00829,Martha Murray,Senior Salesperson
830,SP00830,Darryl Diaz,Salesperson
831,SP00831,Nichole Hill,Manager
832,SP00832,Darrell Vang,Salesperson
833,SP00833,Michelle Barnes,Salesperson
834,SP00834,Ryan Cox,Manager
835,SP00835,Jeffery Scott,Senior Salesperson
836,SP00836,Christopher Brown,Sales Associate
837,SP00837,Casey Jones,Salesperson
838,SP00838,Danielle George,Senior Salesperson
839,SP00839,Renee Blake,Senior Salesperson
840,SP00840,Jennifer Lee,Manager
841,SP00841,Debra Wright,Manager
842,SP00842,Brian Hughes,Manager
843,SP00843,Brenda Watson,Sales Associate
844,SP00844,Gregory Ross,Salesperson
845,SP00845,Anthony Reed,Salesperson
846,SP00846,Jesse Riley,Manager
847,SP00847,Michelle Hunt,Manager
848,SP00848,Alexis Hensley,Manager
849,SP00849,Wesley Welch,Senior Salesperson
850,SP00850,Cody Mejia,Sales Associate
851,SP00851,Trevor Lewis,Salesperson
852,SP00852,Duane Wallace,Manager
853,SP00853,Aaron Mccann,Manager
854,SP00854,Emily Fox,Sales Associate
855,SP00855,Chad Brooks,Salesperson
856,SP00856,Melissa King,Senior Salesperson
857,SP00857,Wendy Ray,Manager
858,SP00858,Mark Stone,Senior Salesperson
859,SP00859,Dylan Yang,Sales Associate
860,SP00860,Daniel Rogers,Manager
861,SP00861,Jeff Padilla,Sales Associate
862,SP00862,Andrew Rodriguez,Senior Salesperson
863,SP00863,Nicole Holloway,Manager
864,SP00864,Paul Stanton,Sales Associate
865,SP00865,Jillian Long,Senior Salesperson
866,SP00866,Hayley Ellis,Salesperson
867,SP00867,Daniel Spears,Senior Salesperson
868,SP00868,Ryan Graham,Manager
869,SP00869,Tiffany Webb,Manager
870,SP00870,David Scott,Manager
871,SP00871,Michael Gamble,Salesperson
872,SP00872,Raymond Davidson,Sales Associate
873,SP00873,Jasmin Cunningham,Senior Salesperson
874,SP00874,Desiree Johnson,Manager
875,SP00875,Brianna Buck,Salesperson
876,SP00876,Deborah Fletcher,Salesperson
877,SP00877,Timothy Smith,Sales Associate
878,SP00878,Melissa Hall,Salesperson
879,SP00879,Timothy Wright,Senior Salesperson
880,SP00880,Jonathan Bates,Manager
881,SP00881,Michael Weber,Salesperson
882,SP00882,Michael Thomas,Salesperson
883,SP00883,Nathaniel Davis,Sales Associate
884,SP00884,Jesus Sherman,Sales Associate
885,SP00885,Johnathan Jones,Sales Associate
886,SP00886,Nicholas Montgomery,Sales Associate
887,SP00887,Donald Gregory,Sales Associate
888,SP00888,Scott Johnson,Sales Associate
889,SP00889,Patrick Green,Manager
890,SP00890,Walter Johnson,Senior Salesperson
891,SP00891,Joshua Williams,Salesperson
892,SP00892,Corey Martin,Salesperson
893,SP00893,Alan Mendez,Manager
894,SP00894,Anthony Rice,Manager
895,SP00895,Antonio Hoffman,Salesperson
896,SP00896,Michael Davis,Manager
897,SP00897,Elizabeth Roberson,Salesperson
898,SP00898,Natasha Burns,Sales Associate
899,SP00899,Kayla Nichols,Manager
900,SP00900,Amber Butler,Sales Associate
901,SP00901,Morgan Chang,Manager
902,SP00902,Jon Kane,Salesperson
903,SP00903,Eric Mccarty,Sales Associate
904,SP00904,Tyler Casey,Salesperson
905,SP00905,Kurt Cooper,Sales Associate
906,SP00906,Michael Cobb,Sales Associate
907,SP00907,Jennifer Roberts,Sales Associate
908,SP00908,Tiffany Sanchez,Sales Associate
909,SP00909,Daniel Foster,Manager
910,SP00910,Nicole Patterson,Salesperson
911,SP00911,Bryce Walker,Manager
912,SP00912,Jennifer Fleming,Salesperson
913,SP00913,Ellen Ingram,Salesperson
914,SP00914,Sabrina Hart,Senior Salesperson
915,SP00915,Tiffany James,Senior Salesperson
916,SP00916,Wesley Lucas,Salesperson
917,SP00917,Shaun Berry,Salesperson
918,SP00918,Robert Dudley,Sales Associate
919,SP00919,Robert Haley,Salesperson
920,SP00920,Kathleen Nelson,Salesperson
921,SP00921,April Lewis,Sales Associate
922,SP00922,Christina Ponce,Salesperson
923,SP00923,Logan Gordon,Manager
924,SP00924,Troy Johnson,Salesperson
925,SP00925,Kathleen Henderson,Manager
926,SP00926,Leonard Tyler,Senior Salesperson
927,SP00927,Shelly Phillips,Sales Associate
928,SP00928,Robert Harrison,Senior Salesperson
929,SP00929,Gregg Cruz,Manager
930,SP00930,Tina Beck,Manager
931,SP00931,John Berry,Manager
932,SP00932,Erik Evans,Senior Salesperson
933,SP00933,Karen Pace,Manager
934,SP00934,Kathryn Lloyd,Senior Salesperson
935,SP00935,Frank Copeland,Senior Salesperson
936,SP00936,Nicole Davis,Sales Associate
937,SP00937,Sarah Young,Salesperson
938,SP00938,Rachel White,Manager
939,SP00939,April Thomas,Manager
940,SP00940,Paul Barton,Senior Salesperson
941,SP00941,Jimmy Rocha,Salesperson
942,SP00942,Jerry Clay,Manager
943,SP00943,Denise Gibson,Manager
944,SP00944,Billy Ramirez,Senior Salesperson
945,SP00945,Zachary Austin,Senior Salesperson
946,SP00946,Allison Morris,Salesperson
947,SP00947,Michelle Baker,Manager
948,SP00948,Michael Weiss,Salesperson
949,SP00949,Emily Taylor,Sales Associate
950,SP00950,John Henderson,Senior Salesperson
951,SP00951,Kimberly Smith,Salesperson
952,SP00952,Tammy Davis,Sales Associate
953,SP00953,Mark Harper,Sales Associate
954,SP00954,Brandon Flores,Manager
955,SP00955,Steven Jones,Sales Associate
956,SP00956,Angela Reyes,Sales Associate
957,SP00957,Cassandra Nguyen,Manager
958,SP00958,Matthew Thompson,Sales Associate
959,SP00959,Jessica Floyd,Salesperson
960,SP00960,Todd Johnson,Salesperson
961,SP00961,Stephanie Gilbert,Sales Associate
962,SP00962,Patricia Waller,Sales Associate
963,SP00963,Thomas Bell,Salesperson
964,SP00964,Sandra Wilson,Sales Associate
965,SP00965,Stacey Lam,Salesperson
966,SP00966,Rachel Bryan,Sales Associate
967,SP00967,Kimberly Huynh,Sales Associate
968,SP00968,Sandra Ross,Salesperson
969,SP00969,Cynthia Wood,Sales Associate
970,SP00970,Michael King,Manager
971,SP00971,Cheryl Parks,Sales Associate
972,SP00972,Miranda Price,Sales Associate
973,SP00973,Sierra Carson,Sales Associate
974,SP00974,Rodney Sandoval,Salesperson
975,SP00975,Yvette Alexander,Salesperson
976,SP00976,Tommy Smith,Salesperson
977,SP00977,Angel Mcguire,Sales Associate
978,SP00978,Jerry Gonzalez,Manager
979,SP00979,Walter Manning,Salesperson
980,SP00980,Olivia Hanson,Sales Associate
981,SP00981,Leslie Miller,Senior Salesperson
982,SP00982,Roberto Navarro,Manager
983,SP00983,Stacey Tucker,Sales Associate
984,SP00984,Randall Edwards,Sales Associate
985,SP00985,Bradley Klein,Sales Associate
986,SP00986,Joel Nguyen,Salesperson
987,SP00987,Haley Cruz,Sales Associate
988,SP00988,Richard Ayala,Sales Associate
989,SP00989,Darrell Burgess,Salesperson
990,SP00990,Jonathan Miller,Manager
991,SP00991,Carrie Mcclure,Senior Salesperson
992,SP00992,Marcia Smith,Senior Salesperson
993,SP00993,Lisa Lewis,Salesperson
994,SP00994,Jason Bennett,Senior Salesperson
995,SP00995,Maria Jackson,Salesperson
996,SP00996,Linda Mayer,Manager
997,SP00997,Christopher Reynolds,Manager
998,SP00998,Daniel Thompson,Salesperson
999,SP00999,Carol Doyle,Salesperson
1000,SP01000,Bianca Case,Salesperson
1001,SP01001,James Goodwin,Salesperson
1002,SP01002,Bryan Parker,Salesperson
1003,SP01003,Rebecca Wilson,Salesperson
1004,SP01004,Mandy Johnson,Senior Salesperson
1005,SP01005,Laura Fischer,Senior Salesperson
1006,SP01006,Jeremy Russell,Manager
1007,SP01007,Tammy Johnson,Salesperson
1008,SP01008,Casey Mclaughlin,Sales Associate
1009,SP01009,Lisa Mercado,Manager
1010,SP01010,Paul Bowman,Senior Salesperson
1011,SP01011,Diane Sparks,Sales Associate
1012,SP01012,Scott Harris,Manager
1013,SP01013,Kaitlyn Garcia,Sales Associate
1014,SP01014,Robert Guzman,Sales Associate
1015,SP01015,Annette Gallegos,Salesperson
1016,SP01016,Christina Nguyen,Manager
1017,SP01017,Wayne Lester,Senior Salesperson
1018,SP01018,Julie Cooper,Sales Associate
1019,SP01019,Maria Johnson,Sales Associate
1020,SP01020,Jane Price,Salesperson
1021,SP01021,Andrew Tran,Sales Associate
1022,SP01022,Darrell Walters,Senior Salesperson
1023,SP01023,Bryan Archer,Salesperson
1024,SP01024,Regina Hicks,Salesperson
1025,SP01025,Timothy Jackson,Sales Associate
1026,SP01026,Lori Medina,Manager
1027,SP01027,Amber Edwards,Sales Associate
1028,SP01028,Dylan Garner,Salesperson
1029,SP01029,Robert Espinoza,Salesperson
1030,SP01030,Cynthia Ramirez,Senior Salesperson
1031,SP01031,Jill Rodriguez,Sales Associate
1032,SP01032,Luis Schmidt,Sales Associate
1033,SP01033,Kevin Hudson,Salesperson
1034,SP01034,Jason Arnold,Sales Associate
1035,SP01035,Joshua Brown,Manager
1036,SP01036,Andrew Armstrong,Salesperson
1037,SP01037,Kathleen Ramirez,Sales Associate
1038,SP01038,Aaron Harrell,Senior Salesperson
1039,SP01039,Donald Mccall,Sales Associate
1040,SP01040,Mary Watts,Salesperson
1041,SP01041,Bradley Lee,Manager
1042,SP01042,David Walker,Senior Salesperson
1043,SP01043,Justin Noble,Sales Associate
1044,SP01044,William Snyder,Salesperson
1045,SP01045,Karl Bass,Sales Associate
1046,SP01046,Alan Wilson,Salesperson
1047,SP01047,Roger Miller,Manager
1048,SP01048,Daniel Vargas,Manager
1049,SP01049,Lauren Montgomery,Manager
1050,SP01050,Michael Todd,Salesperson
1051,SP01051,Frank Berry,Manager
1052,SP01052,Robert Douglas,Salesperson
1053,SP01053,Brenda Roberts,Manager
1054,SP01054,Steven Moore,Senior Salesperson
1055,SP01055,Jacob Santana,Senior Salesperson
1056,SP01056,Mark Fuller,Manager
1057,SP01057,Victor Valdez,Manager
1058,SP01058,Colton Ray,Manager
1059,SP01059,Christopher Brooks,Sales Associate
1060,SP01060,Heather Jones,Manager
1061,SP01061,Margaret Griffith,Manager
1062,SP01062,Brenda Warren,Senior Salesperson
1063,SP01063,Kim Horton,Sales Associate
1064,SP01064,Kevin Yates,Salesperson
1065,SP01065,Christopher Mckenzie,Salesperson
1066,SP01066,Victoria Rodgers,Senior Salesperson
1067,SP01067,Carrie Leonard,Salesperson
1068,SP01068,Kevin Mcintosh,Sales Associate
1069,SP01069,Maria Reeves,Manager
1070,SP01070,Emily Stewart,Sales Associate
1071,SP01071,Joseph Martinez,Salesperson
1072,SP01072,Mary Smith,Senior Salesperson
1073,SP01073,Shawn Garcia,Manager
1074,SP01074,Debbie Herring,Sales Associate
1075,SP01075,Frank Cabrera,Sales Associate
1076,SP01076,Danny Carlson,Sales Associate
1077,SP01077,Michael Jones,Sales Associate
1078,SP01078,Travis Bryan,Manager
1079,SP01079,Scott Allen,Senior Salesperson
1080,SP01080,Kathy Rubio,Senior Salesperson
1081,SP01081,Roger Reid,Senior Salesperson
1082,SP01082,Brandon Burch,Salesperson
1083,SP01083,Dennis Davis,Manager
1084,SP01084,Brooke Ramirez,Salesperson
1085,SP01085,Craig Bailey,Senior Salesperson
1086,SP01086,Sarah Torres,Senior Salesperson
1087,SP01087,Lisa Noble,Senior Salesperson
1088,SP01088,Emily Bradley,Senior Salesperson
1089,SP01089,Kathryn Casey,Manager
1090,SP01090,Darlene Mathis,Sales Associate
1091,SP01091,Caroline Porter,Salesperson
1092,SP01092,Amber Gonzales,Senior Salesperson
1093,SP01093,Steven Evans,Salesperson
1094,SP01094,John Moore,Sales Associate
1095,SP01095,Deborah Wright,Senior Salesperson
1096,SP01096,Briana Thomas,Manager
1097,SP01097,Jacob Palmer,Salesperson
1098,SP01098,Morgan Fleming,Manager
1099,SP01099,Christopher Byrd,Salesperson
1100,SP01100,Corey Myers,Sales Associate
1101,SP01101,Tracy Patrick,Senior Salesperson
1102,SP01102,Robert Randolph,Sales Associate
1103,SP01103,Benjamin Rivas,Manager
1104,SP01104,William Owens,Manager
1105,SP01105,Miguel Odonnell,Manager
1106,SP01106,Joshua Foster,Sales Associate
1107,SP01107,Randall Trujillo,Salesperson
1108,SP01108,Andrea Spencer,Salesperson
1109,SP01109,Robin Aguilar,Sales Associate
1110,SP01110,Travis Sutton,Senior Salesperson
1111,SP01111,Brandon Bell,Salesperson
1112,SP01112,Melissa Shelton,Salesperson
1113,SP01113,Scott Flores,Salesperson
1114,SP01114,Pamela Young,Salesperson
1115,SP01115,Kevin Mitchell,Manager
1116,SP01116,Rhonda Heath,Manager
1117,SP01117,Erin Edwards,Salesperson
1118,SP01118,Ethan Estes,Sales Associate
1119,SP01119,Craig James,Sales Associate
1120,SP01120,Terri Porter,Sales Associate
1121,SP01121,Ashley Nichols,Senior Salesperson
1122,SP01122,Sharon Hunt,Sales Associate
1123,SP01123,David York,Manager
1124,SP01124,Amanda Bowers,Sales Associate
1125,SP01125,Nicholas White,Sales Associate
1126,SP01126,Katie Rasmussen,Senior Salesperson
1127,SP01127,Bobby Harrison,Manager
1128,SP01128,Matthew Lewis,Senior Salesperson
1129,SP01129,David Salinas,Senior Salesperson
1130,SP01130,Kevin Jones,Sales Associate
1131,SP01131,Roberta Duran,Salesperson
1132,SP01132,David Sanchez,Senior Salesperson
1133,SP01133,Andrew Schroeder,Senior Salesperson
1134,SP01134,Angela Rodriguez,Salesperson
1135,SP01135,Christina Bailey,Senior Salesperson
1136,SP01136,Paul Ruiz,Senior Salesperson
1137,SP01137,Philip Taylor,Senior Salesperson
1138,SP01138,Shane Riley,Sales Associate
1139,SP01139,Jeffrey Williams,Salesperson
1140,SP01140,Danielle Gomez,Salesperson
1141,SP01141,Sherry Reyes,Sales Associate
1142,SP01142,Christopher Griffin,Salesperson
1143,SP01143,Keith Ward,Sales Associate
1144,SP01144,Travis Weaver,Manager
1145,SP01145,Jacqueline Meyer,Senior Salesperson
1146,SP01146,Virginia Deleon,Manager
1147,SP01147,Christine Ross,Salesperson
1148,SP01148,Dana Dominguez,Salesperson
1149,SP01149,Michelle Peters,Manager
1150,SP01150,Trevor Carr,Manager
1151,SP01151,Christopher Gray,Sales Associate
1152,SP01152,Kimberly Salazar,Manager
1153,SP01153,Timothy Mason,Sales Associate
1154,SP01154,Olivia Mitchell,Salesperson
1155,SP01155,Stephen Hunter,Senior Salesperson
1156,SP01156,Joann Bell,Manager
1157,SP01157,Diana Travis,Manager
1158,SP01158,Timothy Scott,Manager
1159,SP01159,Eric Knight,Senior Salesperson
1160,SP01160,Tom Tapia,Sales Associate
1161,SP01161,Jeremy Bradshaw,Salesperson
1162,SP01162,Kenneth Harmon,Manager
1163,SP01163,Justin Jacobs,Manager
1164,SP01164,Jennifer Ortiz,Senior Salesperson
1165,SP01165,Joe Rivera,Senior Salesperson
1166,SP01166,Jason Williams,Manager
1167,SP01167,Brandon Farmer,Salesperson
1168,SP01168,Becky Frost,Senior Salesperson
1169,SP01169,Thomas Whitaker,Salesperson
1170,SP01170,Joanne Cardenas,Sales Associate
1171,SP01171,Ashley Williams,Sales Associate
1172,SP01172,Andrea Wood,Salesperson
1173,SP01173,Andrea Hendrix,Sales Associate
1174,SP01174,Justin Carrillo,Salesperson
1175,SP01175,Margaret Morrison,Senior Salesperson
1176,SP01176,Patricia Ward,Senior Salesperson
1177,SP01177,Albert Sullivan,Manager
1178,SP01178,Ryan Holmes,Manager
1179,SP01179,Jason Rodriguez,Senior Salesperson
1180,SP01180,Matthew Barrett,Senior Salesperson
1181,SP01181,Lindsey Brown,Salesperson
1182,SP01182,Kimberly Pham,Manager
1183,SP01183,Zoe Mason,Sales Associate
1184,SP01184,Vincent Wagner,Manager
1185,SP01185,Kevin Sampson,Manager
1186,SP01186,Margaret Brown,Senior Salesperson
1187,SP01187,David Casey,Senior Salesperson
1188,SP01188,William Patterson,Sales Associate
1189,SP01189,Sarah Garcia,Sales Associate
1190,SP01190,Gerald Townsend,Salesperson
1191,SP01191,Phyllis Smith,Salesperson
1192,SP01192,Eric Randall,Manager
1193,SP01193,Tina Ford,Manager
1194,SP01194,Thomas Pearson,Salesperson
1195,SP01195,Eric Oliver,Sales Associate
1196,SP01196,Lindsey Good,Senior Salesperson
1197,SP01197,John Foster,Salesperson
1198,SP01198,Justin Jimenez,Manager
1199,SP01199,Kelly Murray,Sales Associate
1200,SP01200,Kyle Turner,Manager
1201,SP01201,Todd Shaw,Sales Associate
1202,SP01202,Nicolas Norman,Manager
1203,SP01203,William Clark,Salesperson
1204,SP01204,Debra Gibson,Salesperson
1205,SP01205,Randall Marshall,Senior Salesperson
1206,SP01206,Anna Henderson,Senior Salesperson
1207,SP01207,Ashley Merritt,Salesperson
1208,SP01208,Zachary Jones,Manager
1209,SP01209,Carl Bowers,Salesperson
1210,SP01210,Brian Hicks,Manager
1211,SP01211,Sarah Smith,Sales Associate
1212,SP01212,Joshua White,Senior Salesperson
1213,SP01213,Julie Turner,Salesperson
1214,SP01214,Ashley Nguyen,Senior Salesperson
1215,SP01215,Mary Johnston,Senior Salesperson
1216,SP01216,Richard Yu,Sales Associate
1217,SP01217,Yolanda Hendrix,Manager
1218,SP01218,Nancy Robles,Salesperson
1219,SP01219,Sara Mendez,Sales Associate
1220,SP01220,Kathleen Francis,Senior Salesperson
1221,SP01221,Michael Valentine,Salesperson
1222,SP01222,Chelsey Mullins,Senior Salesperson
1223,SP01223,Gregory Cain,Senior Salesperson
1224,SP01224,Makayla Nelson,Sales Associate
1225,SP01225,Mario Osborne,Sales Associate
1226,SP01226,Donna Gonzales,Senior Salesperson
1227,SP01227,Danielle West,Salesperson
1228,SP01228,Natalie Campbell,Salesperson
1229,SP01229,Kyle Wood,Sales Associate
1230,SP01230,Mariah Johnson,Manager
1231,SP01231,Sean Watkins,Sales Associate
1232,SP01232,Toni Griffin,Senior Salesperson
1233,SP01233,Jessica Mathis,Senior Salesperson
1234,SP01234,Charles Mullen,Sales Associate
1235,SP01235,Kathryn Bolton,Manager
1236,SP01236,Matthew Thompson,Manager
1237,SP01237,William Pratt,Senior Salesperson
1238,SP01238,Casey Williams,Sales Associate
1239,SP01239,Jason Miller,Sales Associate
1240,SP01240,Elizabeth Allen,Sales Associate
1241,SP01241,Ray Jones,Senior Salesperson
1242,SP01242,Annette Ortiz,Senior Salesperson
1243,SP01243,Jaclyn Wheeler,Salesperson
1244,SP01244,Stacy Henderson,Manager
1245,SP01245,Jermaine Hartman,Salesperson
1246,SP01246,Holly Gates,Senior Salesperson
1247,SP01247,Nicolas Mitchell,Sales Associate
1248,SP01248,Justin Wade,Manager
1249,SP01249,Katherine Johnson,Manager
1250,SP01250,Christina Jacobson,Senior Salesperson
1251,SP01251,Mathew Hall,Sales Associate
1252,SP01252,Jeffrey Castro,Sales Associate
1253,SP01253,Angela Martin,Sales Associate
1254,SP01254,Nancy Skinner,Sales Associate
1255,SP01255,Leonard Jackson,Senior Salesperson
1256,SP01256,James Price,Manager
1257,SP01257,Eric Nelson,Manager
1258,SP01258,Gail Kennedy,Salesperson
1259,SP01259,Kari Martinez,Salesperson
1260,SP01260,Andrew Torres,Senior Salesperson
1261,SP01261,Cynthia Ward,Sales Associate
1262,SP01262,Eric Ingram,Senior Salesperson
1263,SP01263,Sheri Morris,Sales Associate
1264,SP01264,Andrew Marshall,Sales Associate
1265,SP01265,Robert Miller,Senior Salesperson
1266,SP01266,Robert Gonzalez,Salesperson
1267,SP01267,Caitlin Hernandez,Manager
1268,SP01268,Bethany Boyle,Salesperson
1269,SP01269,Amanda Thompson,Sales Associate
1270,SP01270,Eric Thompson,Salesperson
1271,SP01271,Michael Travis,Senior Salesperson
1272,SP01272,Katie Anderson,Sales Associate
1273,SP01273,Shawn Rodriguez,Sales Associate
1274,SP01274,James Holmes,Senior Salesperson
1275,SP01275,Jenny Taylor,Sales Associate
1276,SP01276,Ryan Byrd,Manager
1277,SP01277,Tony Hodges,Salesperson
1278,SP01278,Matthew Phelps,Sales Associate
1279,SP01279,Willie Ramirez,Salesperson
1280,SP01280,Cody Hodges,Sales Associate
1281,SP01281,Brian Johnson,Salesperson
1282,SP01282,Jeffrey Reyes,Senior Salesperson
1283,SP01283,Theresa Martin,Senior Salesperson
1284,SP01284,David Benson,Salesperson
1285,SP01285,Jared Hopkins,Sales Associate
1286,SP01286,Samantha Gray,Manager
1287,SP01287,Elizabeth Fisher,Salesperson
1288,SP01288,Phillip Trujillo,Salesperson
1289,SP01289,Katherine Lucas,Salesperson
1290,SP01290,Julie Patrick,Sales Associate
1291,SP01291,Kelly Meyer,Sales Associate
1292,SP01292,Denise Coleman,Sales Associate
1293,SP01293,Brittany Reese,Senior Salesperson
1294,SP01294,Emily Walker,Manager
1295,SP01295,Monica Davis,Manager
1296,SP01296,Austin Pitts,Salesperson
1297,SP01297,Ariana Morrison,Sales Associate
1298,SP01298,David Chung,Manager
1299,SP01299,Miranda Meadows,Manager
1300,SP01300,Krista Nixon,Senior Salesperson
1301,SP01301,James Vaughn,Sales Associate
1302,SP01302,William Roman,Manager
1303,SP01303,Kara Colon,Sales Associate
1304,SP01304,Kenneth Wright,Manager
1305,SP01305,William Clark,Senior Salesperson
1306,SP01306,Micheal Walker,Manager
1307,SP01307,Melissa Rodriguez,Sales Associate
1308,SP01308,Mary Johnson,Manager
1309,SP01309,David Jones,Manager
1310,SP01310,Richard Stevens,Sales Associate
1311,SP01311,Robert Ball,Senior Salesperson
1312,SP01312,Matthew Sullivan,Sales Associate
1313,SP01313,Heather Wise,Sales Associate
1314,SP01314,Tracy Cox,Sales Associate
1315,SP01315,Christopher Faulkner,Senior Salesperson
1316,SP01316,Heather Carlson,Senior Salesperson
1317,SP01317,Lisa Morales,Salesperson
1318,SP01318,Bryan Everett,Salesperson
1319,SP01319,Rebecca Gregory,Salesperson
1320,SP01320,Blake Taylor,Salesperson
1321,SP01321,Tony Payne,Salesperson
1322,SP01322,John Schwartz,Manager
1323,SP01323,Raymond Williams,Salesperson
1324,SP01324,Geoffrey Smith,Sales Associate
1325,SP01325,Holly Young,Sales Associate
1326,SP01326,John Johnson,Salesperson
1327,SP01327,Teresa Banks,Manager
1328,SP01328,Anne Fernandez,Salesperson
1329,SP01329,Angel Hull,Sales Associate
1330,SP01330,Elizabeth Wolfe,Manager
1331,SP01331,Brian Gilmore,Manager
1332,SP01332,Gary Mills,Salesperson
1333,SP01333,Rodney Cox,Manager
1334,SP01334,Shawn Clark,Sales Associate
1335,SP01335,Deanna Jones,Salesperson
1336,SP01336,Stacey Foster,Senior Salesperson
1337,SP01337,Brandy Henry,Salesperson
1338,SP01338,Chad Smith,Salesperson
1339,SP01339,Sarah Green,Manager
1340,SP01340,Steven Fowler,Salesperson
1341,SP01341,Nancy Griffith,Manager
1342,SP01342,Amber Price,Manager
1343,SP01343,Christopher Ford,Senior Salesperson
1344,SP01344,Justin Manning,Senior Salesperson
1345,SP01345,Ashley Nolan,Sales Associate
1346,SP01346,Aaron Coleman,Senior Salesperson
1347,SP01347,Pamela Howell,Manager
1348,SP01348,Ethan Stephens,Sales Associate
1349,SP01349,Kurt Klein,Sales Associate
1350,SP01350,Earl Pierce,Sales Associate
1351,SP01351,Miguel Sparks,Sales Associate
1352,SP01352,William Cross,Salesperson
1353,SP01353,Katelyn Rose,Sales Associate
1354,SP01354,Jeffery Brooks,Senior Salesperson
1355,SP01355,Natalie Kramer,Manager
1356,SP01356,Alyssa Wyatt,Manager
1357,SP01357,Heather Murphy,Manager
1358,SP01358,Troy Castro,Salesperson
1359,SP01359,Joseph Garcia,Salesperson
1360,SP01360,Brandon Armstrong,Sales Associate
1361,SP01361,Raymond Welch,Senior Salesperson
1362,SP01362,Sharon Gray,Sales Associate
1363,SP01363,Kelly Green,Salesperson
1364,SP01364,Elizabeth Terrell,Salesperson
1365,SP01365,Karen Clark,Salesperson
1366,SP01366,Jennifer Thomas,Manager
1367,SP01367,Matthew Torres,Senior Salesperson
1368,SP01368,Brett Martin,Manager
1369,SP01369,Michael Bradley,Manager
1370,SP01370,Margaret Castro,Sales Associate
1371,SP01371,Adam Johnson,Manager
1372,SP01372,Karen Bradley,Salesperson
1373,SP01373,Adam Livingston,Manager
1374,SP01374,Michael Harris,Manager
1375,SP01375,Shane Dyer,Salesperson
1376,SP01376,Andrew Evans,Senior Salesperson
1377,SP01377,Jenny Collins,Salesperson
1378,SP01378,Helen Novak,Manager
1379,SP01379,Christopher Fernandez,Salesperson
1380,SP01380,Michael Bruce,Manager
1381,SP01381,Kim Calderon,Sales Associate
1382,SP01382,Tracy Singleton,Senior Salesperson
1383,SP01383,Douglas Martin,Sales Associate
1384,SP01384,Annette Camacho,Manager
1385,SP01385,Michael Bridges,Senior Salesperson
1386,SP01386,Sandra Diaz,Manager
1387,SP01387,David Moore,Sales Associate
1388,SP01388,Alexa Malone,Manager
1389,SP01389,Sheri Walker,Manager
1390,SP01390,Sarah Mendoza,Salesperson
1391,SP01391,Natalie Ward,Manager
1392,SP01392,John Gamble,Salesperson
1393,SP01393,Brian Frey,Salesperson
1394,SP01394,Courtney Richard,Sales Associate
1395,SP01395,Sylvia Castillo,Senior Salesperson
1396,SP01396,Zachary Brown,Salesperson
1397,SP01397,Mark Bradley,Salesperson
1398,SP01398,Erika Glenn,Manager
1399,SP01399,Sharon Richards,Senior Salesperson
1400,SP01400,John Silva,Manager
1401,SP01401,Mark Underwood,Senior Salesperson
1402,SP01402,Heather Sullivan,Salesperson
1403,SP01403,Ryan Russell,Senior Salesperson
1404,SP01404,Stephen Clark,Manager
1405,SP01405,Jeff Foster,Salesperson
1406,SP01406,Kyle Clark,Senior Salesperson
1407,SP01407,Benjamin Harris,Senior Salesperson
1408,SP01408,Michael Anderson,Senior Salesperson
1409,SP01409,Candace Bruce,Senior Salesperson
1410,SP01410,Kaitlin Ward,Sales Associate
1411,SP01411,Jeffery Lopez,Manager
1412,SP01412,Lauren Lee,Salesperson
1413,SP01413,Dawn Brown,Senior Salesperson
1414,SP01414,Amanda Christensen,Sales Associate
1415,SP01415,Tina Myers,Sales Associate
1416,SP01416,Shannon Pitts,Salesperson
1417,SP01417,Susan Sanders,Sales Associate
1418,SP01418,John Anderson,Manager
1419,SP01419,Laurie Daugherty,Salesperson
1420,SP01420,Patricia Willis,Sales Associate
1421,SP01421,Nathan Bush,Senior Salesperson
1422,SP01422,Eric Johnson,Manager
1423,SP01423,Jeremy Burton,Sales Associate
1424,SP01424,Elizabeth Lopez,Salesperson
1425,SP01425,Dorothy Green,Salesperson
1426,SP01426,Kristin Perry,Senior Salesperson
1427,SP01427,Yolanda Snyder,Salesperson
1428,SP01428,Nicole Gilbert,Salesperson
1429,SP01429,Carmen Bond,Manager
1430,SP01430,Thomas White,Manager
1431,SP01431,Manuel Hinton,Salesperson
1432,SP01432,Madison Gould,Sales Associate
1433,SP01433,Heather Bailey,Sales Associate
1434,SP01434,Christine Myers,Salesperson
1435,SP01435,Mitchell Clark,Manager
1436,SP01436,David Mccann,Salesperson
1437,SP01437,Melissa Hernandez,Salesperson
1438,SP01438,Aaron Kennedy,Salesperson
1439,SP01439,Richard Mclean,Salesperson
1440,SP01440,Samuel Fox,Salesperson
1441,SP01441,Rhonda Hubbard,Manager
1442,SP01442,Amy Huerta,Manager
1443,SP01443,Kevin Fuentes,Sales Associate
1444,SP01444,Christina Delacruz,Salesperson
1445,SP01445,Jessica Sanchez,Salesperson
1446,SP01446,Dylan Dickson,Sales Associate
1447,SP01447,Stephen Sanchez,Sales Associate
1448,SP01448,Carmen Stokes,Senior Salesperson
1449,SP01449,Dakota Brown,Sales Associate
1450,SP01450,Joyce Dunn,Manager
1451,SP01451,Whitney Evans,Senior Salesperson
1452,SP01452,Paul Moore,Salesperson
1453,SP01453,Janet Bridges,Salesperson
1454,SP01454,Terry Schultz,Manager
1455,SP01455,Matthew Hughes,Salesperson
1456,SP01456,Joshua Williams,Senior Salesperson
1457,SP01457,Jared Smith,Sales Associate
1458,SP01458,Toni Johnston,Senior Salesperson
1459,SP01459,Harold Macias,Senior Salesperson
1460,SP01460,Lisa Horton,Salesperson
1461,SP01461,Traci Brooks,Sales Associate
1462,SP01462,Victoria Ramos,Sales Associate
1463,SP01463,Raymond Marquez,Salesperson
1464,SP01464,Lori Anderson,Manager
1465,SP01465,Kelly Cole,Sales Associate
1466,SP01466,Jason Davis,Salesperson
1467,SP01467,Jermaine Sanchez,Sales Associate
1468,SP01468,Nicholas Pierce,Senior Salesperson
1469,SP01469,Daniel Hart,Salesperson
1470,SP01470,Matthew Hill,Manager
1471,SP01471,Javier Johnson,Sales Associate
1472,SP01472,Edward Contreras,Sales Associate
1473,SP01473,Lori Cooper,Senior Salesperson
1474,SP01474,Andrew Stephens,Salesperson
1475,SP01475,Erica Freeman,Manager
1476,SP01476,Ann Jackson,Senior Salesperson
1477,SP01477,Jessica Scott,Manager
1478,SP01478,Edward Ho,Senior Salesperson
1479,SP01479,Sonya Meza,Senior Salesperson
1480,SP01480,Peter Flowers,Salesperson
1481,SP01481,Andrew Ross,Sales Associate
1482,SP01482,Brian Mata,Sales Associate
1483,SP01483,Heather Barajas,Sales Associate
1484,SP01484,Debra Caldwell,Senior Salesperson
1485,SP01485,Derek Torres,Salesperson
1486,SP01486,Kimberly Wallace,Manager
1487,SP01487,Noah Cooper,Sales Associate
1488,SP01488,Jason Vaughn,Manager
1489,SP01489,Daniel Martin,Sales Associate
1490,SP01490,Carol Gonzalez,Sales Associate
1491,SP01491,Victor Gay,Senior Salesperson
1492,SP01492,Shannon Thompson,Senior Salesperson
1493,SP01493,Raymond Hernandez,Manager
1494,SP01494,Rebecca Erickson,Senior Salesperson
1495,SP01495,Natasha Harrison,Salesperson
1496,SP01496,Jeremy Chambers,Salesperson
1497,SP01497,Tracie Taylor,Sales Associate
1498,SP01498,Benjamin Bean,Salesperson
1499,SP01499,Shirley Schmidt,Manager
1500,SP01500,Mitchell Green,Manager
1501,SP01501,Susan Kelly,Manager
1502,SP01502,Raymond Griffith,Senior Salesperson
1503,SP01503,Kimberly Garcia,Sales Associate
1504,SP01504,Tina Nichols,Sales Associate
1505,SP01505,Shannon Hamilton,Sales Associate
1506,SP01506,James Gilbert,Senior Salesperson
1507,SP01507,Taylor Lewis,Salesperson
1508,SP01508,Spencer Rowland,Salesperson
1509,SP01509,William Todd,Salesperson
1510,SP01510,Seth Anthony,Sales Associate
1511,SP01511,Richard Scott,Sales Associate
1512,SP01512,Julie Wells,Manager
1513,SP01513,Veronica Church,Salesperson
1514,SP01514,Joseph Forbes,Salesperson
1515,SP01515,Alice Scott,Manager
1516,SP01516,Catherine Ellison,Sales Associate
1517,SP01517,Christine Yu,Sales Associate
1518,SP01518,Alexandria Ruiz,Salesperson
1519,SP01519,Elizabeth Bartlett,Salesperson
1520,SP01520,Sergio Castro,Sales Associate
1521,SP01521,Andrew Johnson,Salesperson
1522,SP01522,Samantha Campos,Manager
1523,SP01523,Leah Le,Sales Associate
1524,SP01524,Tina Hamilton,Salesperson
1525,SP01525,John Ford,Salesperson
1526,SP01526,Andrew Smith,Sales Associate
1527,SP01527,Elizabeth Ryan,Salesperson
1528,SP01528,Nathan Lee,Manager
1529,SP01529,Kelly Strong,Manager
1530,SP01530,Glen Brown,Salesperson
1531,SP01531,Dennis Parker,Sales Associate
1532,SP01532,Bailey Jackson,Sales Associate
1533,SP01533,Joshua Grant,Senior Salesperson
1534,SP01534,Angelica Garcia,Manager
1535,SP01535,Melissa Gibson,Sales Associate
1536,SP01536,Ryan Davis,Manager
1537,SP01537,Aaron Green,Sales Associate
1538,SP01538,Jennifer Tanner,Sales Associate
1539,SP01539,Samuel Barry,Sales Associate
1540,SP01540,Earl Hayes,Manager
1541,SP01541,Christopher Rogers,Sales Associate
1542,SP01542,Chad Brown,Sales Associate
1543,SP01543,Kristina Guerrero,Senior Salesperson
1544,SP01544,Kelly Bullock,Sales Associate
1545,SP01545,Veronica Mccarthy,Senior Salesperson
1546,SP01546,Eileen Obrien,Manager
1547,SP01547,Steven Hopkins,Salesperson
1548,SP01548,Christopher Christensen,Sales Associate
1549,SP01549,Joshua Johnson,Senior Salesperson
1550,SP01550,Stephen Jimenez,Manager
1551,SP01551,Sandra Cain,Manager
1552,SP01552,Christine Martin,Manager
1553,SP01553,Jeffrey Walker,Sales Associate
1554,SP01554,Leslie Hunter,Salesperson
1555,SP01555,Rita Briggs,Sales Associate
1556,SP01556,Richard Novak,Sales Associate
1557,SP01557,Ashley Burke,Manager
1558,SP01558,Eric Gonzalez,Manager
1559,SP01559,Amanda Murray,Sales Associate
1560,SP01560,Megan Miller,Sales Associate
1561,SP01561,James Kelly,Manager
1562,SP01562,Stephen Russell,Manager
1563,SP01563,Carl Hernandez,Manager
1564,SP01564,Cathy Rogers,Salesperson
1565,SP01565,Debra White,Sales Associate
1566,SP01566,Samantha Mccarthy,Senior Salesperson
1567,SP01567,Kenneth Thornton,Senior Salesperson
1568,SP01568,Patricia Frank,Sales Associate
1569,SP01569,Nancy Williams,Salesperson
1570,SP01570,Robin Wiley,Salesperson
1571,SP01571,Allison Ross,Sales Associate
1572,SP01572,Kathryn Brown,Manager
1573,SP01573,Dawn Gonzalez,Sales Associate
1574,SP01574,Yvette Cook,Manager
1575,SP01575,Brandy Mitchell,Salesperson
1576,SP01576,Susan Strickland,Senior Salesperson
1577,SP01577,Robert Underwood,Senior Salesperson
1578,SP01578,Zachary Turner,Manager
1579,SP01579,Edward Summers,Salesperson
1580,SP01580,Jennifer May,Sales Associate
1581,SP01581,Danielle Patel,Sales Associate
1582,SP01582,Carolyn Wallace,Manager
1583,SP01583,Pamela Black,Manager
1584,SP01584,Brian Trevino,Salesperson
1585,SP01585,Paul Wood,Manager
1586,SP01586,David Landry,Manager
1587,SP01587,Dean Clark,Salesperson
1588,SP01588,Michelle Graham,Salesperson
1589,SP01589,Scott Perez,Sales Associate
1590,SP01590,Taylor Harris,Salesperson
1591,SP01591,Howard Hudson,Manager
1592,SP01592,Kyle Powell,Senior Salesperson
1593,SP01593,Anthony Alvarado,Senior Salesperson
1594,SP01594,Theresa Key,Sales Associate
1595,SP01595,Nicolas Fox,Senior Salesperson
1596,SP01596,Adam Aguilar,Senior Salesperson
1597,SP01597,Michael Davis,Manager
1598,SP01598,Elizabeth Baker,Senior Salesperson
1599,SP01599,Brooke Gomez,Sales Associate
1600,SP01600,Catherine Moss,Salesperson
1601,SP01601,Peter Snyder,Senior Salesperson
1602,SP01602,Sara Nelson,Salesperson
1603,SP01603,Anita Sawyer,Sales Associate
1604,SP01604,Philip Davis,Senior Salesperson
1605,SP01605,Curtis Washington,Sales Associate
1606,SP01606,Holly Brown,Manager
1607,SP01607,Gregory Harrison,Sales Associate
1608,SP01608,Angelica Rivera,Manager
1609,SP01609,John Taylor,Salesperson
1610,SP01610,Christopher Nichols,Senior Salesperson
1611,SP01611,Kathleen Moore,Senior Salesperson
1612,SP01612,Paula Peters,Sales Associate
1613,SP01613,Ryan Reilly,Salesperson
1614,SP01614,Kyle Jarvis,Manager
1615,SP01615,Derrick Mcclure,Salesperson
1616,SP01616,Jasmin Miller,Senior Salesperson
1617,SP01617,Mark Scott,Manager
1618,SP01618,Shannon Wells,Salesperson
1619,SP01619,Chad Garcia,Sales Associate
1620,SP01620,Michael Liu,Senior Salesperson
1621,SP01621,Rachel Gonzalez,Manager
1622,SP01622,Sara Lozano,Senior Salesperson
1623,SP01623,Donna Tate,Salesperson
1624,SP01624,Michael Mason,Sales Associate
1625,SP01625,Katherine Mcbride,Manager
1626,SP01626,Laura Rowland,Sales Associate
1627,SP01627,William Romero,Salesperson
1628,SP01628,George White,Senior Salesperson
1629,SP01629,Brad Velez,Senior Salesperson
1630,SP01630,Lisa Mitchell,Senior Salesperson
1631,SP01631,Jeffrey Maynard,Sales Associate
1632,SP01632,Jeffrey Ross,Sales Associate
1633,SP01633,Linda Martin,Salesperson
1634,SP01634,Alejandro Johnson,Salesperson
1635,SP01635,Kelsey Owens,Salesperson
1636,SP01636,Anne Perez,Salesperson
1637,SP01637,Angela Dickerson,Manager
1638,SP01638,Jeffrey Freeman,Salesperson
1639,SP01639,Michael Henderson,Sales Associate
1640,SP01640,Victoria Miller,Manager
1641,SP01641,Allison Sparks,Manager
1642,SP01642,Alexandra Russell,Senior Salesperson
1643,SP01643,Amber Marshall,Salesperson
1644,SP01644,Dawn Norman,Salesperson
1645,SP01645,Walter Mclaughlin,Sales Associate
1646,SP01646,Andrea Contreras,Sales Associate
1647,SP01647,Stephanie Hooper,Salesperson
1648,SP01648,Derek Jones,Sales Associate
1649,SP01649,Belinda Baker,Salesperson
1650,SP01650,Brandon Lee,Senior Salesperson
1651,SP01651,James Johnson,Senior Salesperson
1652,SP01652,Eric Bennett,Salesperson
1653,SP01653,Megan Edwards,Sales Associate
1654,SP01654,Charles Nelson,Manager
1655,SP01655,Christine Taylor,Salesperson
1656,SP01656,Tara Peterson,Manager
1657,SP01657,Eugene Edwards,Sales Associate
1658,SP01658,Sandra Butler,Manager
1659,SP01659,Joseph Gomez,Senior Salesperson
1660,SP01660,Jenna Cantrell,Salesperson
1661,SP01661,Jessica West,Sales Associate
1662,SP01662,Mary Greer,Salesperson
1663,SP01663,Krista Bates,Senior Salesperson
1664,SP01664,Travis Hughes,Manager
1665,SP01665,Margaret Lee,Manager
1666,SP01666,Lindsey Torres,Senior Salesperson
1667,SP01667,Dylan Coleman,Sales Associate
1668,SP01668,Robert Patterson,Manager
1669,SP01669,Christopher Yang,Salesperson
1670,SP01670,Tara Miller,Manager
1671,SP01671,Michael Williams,Sales Associate
1672,SP01672,Alan Collins,Sales Associate
1673,SP01673,Kenneth Willis,Salesperson
1674,SP01674,Dennis Thomas,Manager
1675,SP01675,Christopher Mcclure,Sales Associate
1676,SP01676,Tanya Perry,Salesperson
1677,SP01677,Luke Brown,Manager
1678,SP01678,Christopher Wood,Manager
1679,SP01679,Jason Ortiz,Senior Salesperson
1680,SP01680,Craig Browning,Sales Associate
1681,SP01681,Alexandria Campbell,Sales Associate
1682,SP01682,Kevin Gonzalez,Sales Associate
1683,SP01683,Mathew Singleton,Salesperson
1684,SP01684,Eduardo Mcknight,Sales Associate
1685,SP01685,Jose Lewis,Sales Associate
1686,SP01686,Matthew Odom,Senior Salesperson
1687,SP01687,Brian Moore,Sales Associate
1688,SP01688,Ryan Miranda,Manager
1689,SP01689,Joseph Mcdonald,Senior Salesperson
1690,SP01690,Matthew Preston,Sales Associate
1691,SP01691,Michelle Anderson,Senior Salesperson
1692,SP01692,Roberto Edwards,Salesperson
1693,SP01693,Rebecca Wilson,Senior Salesperson
1694,SP01694,Kevin Boyd,Manager
1695,SP01695,Jennifer Figueroa,Sales Associate
1696,SP01696,Alyssa Maldonado,Manager
1697,SP01697,Andrea Joseph,Salesperson
1698,SP01698,Jessica Hernandez,Sales Associate
1699,SP01699,Erin Lopez,Salesperson
1700,SP01700,Jeremy Barnes,Salesperson
1701,SP01701,Samantha Patterson,Manager
1702,SP01702,Deborah Petersen,Salesperson
1703,SP01703,Samantha Weaver,Salesperson
1704,SP01704,Melissa Mcguire,Salesperson
1705,SP01705,Billy Thompson,Sales Associate
1706,SP01706,Morgan Mcintyre,Manager
1707,SP01707,Michael Mcdaniel,Sales Associate
1708,SP01708,Travis Poole,Senior Salesperson
1709,SP01709,Samantha Koch,Sales Associate
1710,SP01710,Anthony Jackson,Senior Salesperson
1711,SP01711,Kim Wolfe,Senior Salesperson
1712,SP01712,Shannon Davenport,Salesperson
1713,SP01713,Brandon Watson,Salesperson
1714,SP01714,Brian Wolf,Salesperson
1715,SP01715,Anne Walsh,Senior Salesperson
1716,SP01716,Alexander Reed,Sales Associate
1717,SP01717,Keith Lang,Sales Associate
1718,SP01718,Haley Lopez,Senior Salesperson
1719,SP01719,John Davis,Salesperson
1720,SP01720,Cory Weaver,Sales Associate
1721,SP01721,Jill Johnson,Senior Salesperson
1722,SP01722,Lisa Davis,Senior Salesperson
1723,SP01723,Michele Jones,Senior Salesperson
1724,SP01724,Steven Parsons,Senior Salesperson
1725,SP01725,Jonathan Navarro,Sales Associate
1726,SP01726,Brooke Clark,Sales Associate
1727,SP01727,Christine Bryan,Salesperson
1728,SP01728,Nathan Porter,Senior Salesperson
1729,SP01729,Melissa Greene,Salesperson
1730,SP01730,Larry Barrett,Sales Associate
1731,SP01731,Jimmy Manning,Manager
1732,SP01732,Kaitlyn Watson,Manager
1733,SP01733,Kayla Blevins,Salesperson
1734,SP01734,Sharon Lewis,Salesperson
1735,SP01735,Sandra Hoffman,Sales Associate
1736,SP01736,Katie Moore,Sales Associate
1737,SP01737,James Walters,Salesperson
1738,SP01738,Vanessa Nelson,Senior Salesperson
1739,SP01739,Elizabeth Fuentes,Manager
1740,SP01740,Michael Norris,Senior Salesperson
1741,SP01741,Trevor Willis,Sales Associate
1742,SP01742,Eduardo Hines,Salesperson
1743,SP01743,Ruth Miller,Manager
1744,SP01744,Sarah Moore,Senior Salesperson
1745,SP01745,Kyle Jackson,Manager
1746,SP01746,Julie Brown,Salesperson
1747,SP01747,Heather Carter,Salesperson
1748,SP01748,Charles Vance,Senior Salesperson
1749,SP01749,Angela Wright,Sales Associate
1750,SP01750,Kathryn Ruiz,Manager
1751,SP01751,Curtis Kelley,Salesperson
1752,SP01752,Marco Khan,Sales Associate
1753,SP01753,Leslie Page,Manager
1754,SP01754,Valerie Smith,Sales Associate
1755,SP01755,Kenneth Wilson,Sales Associate
1756,SP01756,Robin Smith,Sales Associate
1757,SP01757,Tonya Sullivan,Salesperson
1758,SP01758,Lisa King,Sales Associate
1759,SP01759,Paul Ray,Manager
1760,SP01760,William Ellis,Senior Salesperson
1761,SP01761,Christopher Price,Sales Associate
1762,SP01762,Robert Sanchez,Sales Associate
1763,SP01763,Amanda Schmidt,Salesperson
1764,SP01764,Tamara Ramirez,Manager
1765,SP01765,Jessica Campos,Manager
1766,SP01766,Steven Jenkins,Manager
1767,SP01767,Lori Edwards,Senior Salesperson
1768,SP01768,Jim Wiley,Manager
1769,SP01769,Richard Schroeder,Senior Salesperson
1770,SP01770,Patrick Simmons,Sales Associate
1771,SP01771,Christopher Baker,Senior Salesperson
1772,SP01772,Justin Wang,Salesperson
1773,SP01773,Julie Jordan,Salesperson
1774,SP01774,Victor Andrade,Manager
1775,SP01775,Adam Miller,Manager
1776,SP01776,Brian Johnson,Manager
1777,SP01777,Brandon Anderson,Salesperson
1778,SP01778,Chad Levine,Manager
1779,SP01779,Lisa Sanders,Salesperson
1780,SP01780,Alexandra Wade,Salesperson
1781,SP01781,Mary Hooper,Salesperson
1782,SP01782,Rebecca Duffy,Senior Salesperson
1783,SP01783,Jacqueline Jackson,Salesperson
1784,SP01784,Kenneth Christian,Salesperson
1785,SP01785,Roberto Kramer,Salesperson
1786,SP01786,Laura Love,Manager
1787,SP01787,Michael Montgomery,Manager
1788,SP01788,Michelle Maynard,Manager
1789,SP01789,Andrea Wu,Manager
1790,SP01790,Katherine Chavez,Senior Salesperson
1791,SP01791,John Taylor,Sales Associate
1792,SP01792,Michael Grant,Sales Associate
1793,SP01793,Jennifer Hensley,Senior Salesperson
1794,SP01794,Lisa Hicks,Manager
1795,SP01795,Bryan Peters,Salesperson
1796,SP01796,Jason Steele,Sales Associate
1797,SP01797,Megan Daniel,Manager
1798,SP01798,John Preston,Sales Associate
1799,SP01799,Luis Thomas,Senior Salesperson
1800,SP01800,Nathan Morris,Salesperson
1801,SP01801,Misty Walters,Senior Salesperson
1802,SP01802,Brittany Johnson,Senior Salesperson
1803,SP01803,Eric Gonzalez,Salesperson
1804,SP01804,Megan Thomas,Salesperson
1805,SP01805,Susan Wall,Manager
1806,SP01806,Stephen Prince,Sales Associate
1807,SP01807,Angel Glover,Senior Salesperson
1808,SP01808,Michael Jensen,Sales Associate
1809,SP01809,Christopher Elliott,Manager
1810,SP01810,Kristen Bailey,Sales Associate
1811,SP01811,Steven Walsh,Senior Salesperson
1812,SP01812,Kathleen Ayers,Sales Associate
1813,SP01813,Sarah Cain,Salesperson
1814,SP01814,Tonya Anderson,Salesperson
1815,SP01815,Amy Jones,Sales Associate
1816,SP01816,Cynthia Sanchez,Salesperson
1817,SP01817,Stanley Smith,Salesperson
1818,SP01818,Peggy Smith,Manager
1819,SP01819,David Brewer,Manager
1820,SP01820,Joshua Francis,Manager
1821,SP01821,Kayla Logan,Sales Associate
1822,SP01822,Tammy Martinez,Senior Salesperson
1823,SP01823,Thomas Scott,Sales Associate
1824,SP01824,Shelley White,Manager
1825,SP01825,Dana Beck,Salesperson
1826,SP01826,Johnathan Smith,Manager
1827,SP01827,Martin Gonzales,Sales Associate
1828,SP01828,Renee Torres,Sales Associate
1829,SP01829,Patrick Terry,Sales Associate
1830,SP01830,Rebecca Bartlett,Manager
1831,SP01831,Michael Gentry,Senior Salesperson
1832,SP01832,Randy Gonzalez,Senior Salesperson
1833,SP01833,Courtney Patterson,Senior Salesperson
1834,SP01834,Roy Ellison,Manager
1835,SP01835,Virginia Marshall,Manager
1836,SP01836,Danielle Velazquez,Senior Salesperson
1837,SP01837,Barbara Smith,Senior Salesperson
1838,SP01838,Lisa Lee,Salesperson
1839,SP01839,Thomas Brown,Sales Associate
1840,SP01840,Kathleen Pham,Salesperson
1841,SP01841,Christopher Christian,Senior Salesperson
1842,SP01842,Jason Bell,Sales Associate
1843,SP01843,Cynthia Rodriguez,Salesperson
1844,SP01844,Charles Garcia,Senior Salesperson
1845,SP01845,Mary Whitehead,Salesperson
1846,SP01846,Tristan Farley,Sales Associate
1847,SP01847,Matthew Edwards,Sales Associate
1848,SP01848,Heather Jones,Senior Salesperson
1849,SP01849,Lauren Mejia,Senior Salesperson
1850,SP01850,Heather Ortega,Manager
1851,SP01851,Joseph Mathis,Salesperson
1852,SP01852,Carlos Mack,Salesperson
1853,SP01853,Glen Hensley,Senior Salesperson
1854,SP01854,David Lopez,Salesperson
1855,SP01855,Melanie Washington,Senior Salesperson
1856,SP01856,James Farmer,Sales Associate
1857,SP01857,Maria Ford,Manager
1858,SP01858,Dawn Craig,Sales Associate
1859,SP01859,Kimberly Scott,Manager
1860,SP01860,Shawn Rodriguez,Manager
1861,SP01861,Samuel Ortiz,Manager
1862,SP01862,Shannon Drake,Manager
1863,SP01863,Joseph Bailey,Salesperson
1864,SP01864,Tyler Moss,Manager
1865,SP01865,Raymond Wagner,Sales Associate
1866,SP01866,Curtis Delgado,Manager
1867,SP01867,Michael Wolf,Manager
1868,SP01868,Colleen Ortega,Salesperson
1869,SP01869,Katherine Gilbert,Sales Associate
1870,SP01870,Jonathan Johnson,Manager
1871,SP01871,Cynthia Valencia,Salesperson
1872,SP01872,Richard Scott,Manager
1873,SP01873,Margaret Jackson,Salesperson
1874,SP01874,Michelle Gonzalez,Salesperson
1875,SP01875,Kimberly Jones,Senior Salesperson
1876,SP01876,Toni Goodwin,Senior Salesperson
1877,SP01877,Paul Edwards,Salesperson
1878,SP01878,Alexandra Smith,Manager
1879,SP01879,Troy Ross,Sales Associate
1880,SP01880,Julian Clark,Senior Salesperson
1881,SP01881,Miguel Williams,Manager
1882,SP01882,Sarah Martin,Salesperson
1883,SP01883,Jennifer Barnes,Manager
1884,SP01884,Matthew Barber,Senior Salesperson
1885,SP01885,Daniel Greene,Senior Salesperson
1886,SP01886,Brittney Gallagher,Salesperson
1887,SP01887,Luis Ross,Senior Salesperson
1888,SP01888,Mark Rogers,Sales Associate
1889,SP01889,Jessica Cunningham,Sales Associate
1890,SP01890,Sherry Rogers,Senior Salesperson
1891,SP01891,Christina Johnston,Sales Associate
1892,SP01892,Elizabeth Mcdonald,Manager
1893,SP01893,Tina Good,Sales Associate
1894,SP01894,Kathleen Wilson,Manager
1895,SP01895,Sophia Huynh,Senior Salesperson
1896,SP01896,Meghan Hernandez,Sales Associate
1897,SP01897,Gregory Harrison,Salesperson
1898,SP01898,Howard Caldwell,Sales Associate
1899,SP01899,Daniel Sexton,Salesperson
1900,SP01900,Laura Byrd,Manager
1901,SP01901,Gregory Chavez,Senior Salesperson
1902,SP01902,Hailey Goodman,Salesperson
1903,SP01903,Jamie Taylor,Sales Associate
1904,SP01904,Logan Anderson,Manager
1905,SP01905,Anthony Perez,Salesperson
1906,SP01906,James Adkins,Manager
1907,SP01907,John Hernandez,Senior Salesperson
1908,SP01908,Faith Haney,Sales Associate
1909,SP01909,Valerie Bird,Senior Salesperson
1910,SP01910,Chelsea Murphy,Sales Associate
1911,SP01911,Nicole Martin,Sales Associate
1912,SP01912,Patricia Goodwin,Salesperson
1913,SP01913,Christopher Wilson,Sales Associate
1914,SP01914,Aaron Lopez,Senior Salesperson
1915,SP01915,Robert Davis,Sales Associate
1916,SP01916,Sarah Pratt,Salesperson
1917,SP01917,Amanda Johnson,Manager
1918,SP01918,Matthew Brown,Sales Associate
1919,SP01919,Bill Khan,Salesperson
1920,SP01920,Jessica Leblanc,Sales Associate
1921,SP01921,Rhonda Jones,Manager
1922,SP01922,Priscilla Nelson,Salesperson
1923,SP01923,Robert Singleton,Sales Associate
1924,SP01924,Jodi Glover,Manager
1925,SP01925,Gloria Dominguez,Salesperson
1926,SP01926,Mason Austin,Manager
1927,SP01927,Stacy Anderson,Sales Associate
1928,SP01928,Barry Rodriguez,Manager
1929,SP01929,Anna Trevino,Manager
1930,SP01930,April Burns,Senior Salesperson
1931,SP01931,Maria Bradford,Sales Associate
1932,SP01932,Stephanie Vega,Senior Salesperson
1933,SP01933,Donald Sullivan,Sales Associate
1934,SP01934,Nicole Simpson,Salesperson
1935,SP01935,Jeffrey Simpson,Sales Associate
1936,SP01936,Devon Jackson,Sales Associate
1937,SP01937,Rachel Johnson,Sales Associate
1938,SP01938,Dana Gonzalez,Manager
1939,SP01939,Sherri Roberts,Salesperson
1940,SP01940,Jennifer Ware,Senior Salesperson
1941,SP01941,Heather Finley,Sales Associate
1942,SP01942,Steven Gutierrez,Sales Associate
1943,SP01943,Jennifer Lopez,Salesperson
1944,SP01944,Abigail Williams,Manager
1945,SP01945,Katelyn Harrison,Senior Salesperson
1946,SP01946,James Shepherd,Salesperson
1947,SP01947,Janice Soto,Sales Associate
1948,SP01948,Jasmine Grant,Manager
1949,SP01949,Alexander Mayer,Salesperson
1950,SP01950,Gerald Sanchez,Senior Salesperson
1951,SP01951,Courtney Ford,Manager
1952,SP01952,Cynthia Johnson,Salesperson
1953,SP01953,Vanessa West,Salesperson
1954,SP01954,Samuel Johnson,Senior Salesperson
1955,SP01955,Dustin Gomez,Senior Salesperson
1956,SP01956,Holly Gonzales,Manager
1957,SP01957,Keith Rose,Sales Associate
1958,SP01958,Robert Smith,Manager
1959,SP01959,Jamie Bailey,Salesperson
1960,SP01960,April Fuentes,Sales Associate
1961,SP01961,Cory Irwin,Salesperson
1962,SP01962,Barry Castaneda,Manager
1963,SP01963,Brandon Skinner,Sales Associate
1964,SP01964,Sharon Day,Sales Associate
1965,SP01965,Brian Phillips,Salesperson
1966,SP01966,Tom Jimenez,Salesperson
1967,SP01967,Belinda Wagner,Senior Salesperson
1968,SP01968,Lisa Gallagher,Senior Salesperson
1969,SP01969,Patrick Reid,Salesperson
1970,SP01970,Christine King,Senior Salesperson
1971,SP01971,Scott Schaefer,Sales Associate
1972,SP01972,Kevin Jordan,Senior Salesperson
1973,SP01973,Alexis Holt,Manager
1974,SP01974,George Gaines,Senior Salesperson
1975,SP01975,Mary Bell,Manager
1976,SP01976,Veronica Howe,Sales Associate
1977,SP01977,Stephanie Butler,Senior Salesperson
1978,SP01978,Morgan Brown,Sales Associate
1979,SP01979,Todd Reid,Manager
1980,SP01980,Willie Montoya,Manager
1981,SP01981,Rachel Mitchell,Manager
1982,SP01982,Whitney Schroeder,Senior Salesperson
1983,SP01983,Bryan Thompson,Manager
1984,SP01984,Jessica Obrien,Manager
1985,SP01985,Leah Craig,Sales Associate
1986,SP01986,Geoffrey Allen,Manager
1987,SP01987,Robert Kelly,Sales Associate
1988,SP01988,Samantha Stephens,Sales Associate
1989,SP01989,Robert Cooper,Sales Associate
1990,SP01990,Mariah Brown,Salesperson
1991,SP01991,David Humphrey,Manager
1992,SP01992,Sandra Nelson,Senior Salesperson
1993,SP01993,Jeffrey Barnett,Salesperson
1994,SP01994,Erica Russell,Sales Associate
1995,SP01995,Jill Mccarthy,Salesperson
1996,SP01996,Carla Ramsey,Sales Associate
1997,SP01997,Kimberly Brown,Senior Salesperson
1998,SP01998,Elizabeth Greene,Salesperson
1999,SP01999,Susan Garcia,Sales Associate
2000,SP02000,Andrew Fox,Salesperson
